Company,2020,2021,2022,2023,2024,Total_Laid_off
#Paid,0.0,0.0,0.0,19.0,0.0,19.0
&Open,0.0,0.0,9.0,0.0,0.0,9.0
10X Genomics,0.0,0.0,100.0,0.0,0.0,100.0
1stdibs,70.0,0.0,0.0,0.0,0.0,70.0
23andMe,0.0,0.0,0.0,146.0,0.0,146.0
2TM,0.0,0.0,190.0,0.0,0.0,190.0
2U,0.0,0.0,0.0,0.0,0.0,0.0
54gene,0.0,0.0,95.0,0.0,0.0,95.0
6sense,0.0,0.0,150.0,0.0,0.0,150.0
7Shifts,0.0,0.0,0.0,0.0,68.0,68.0
7shifts,0.0,0.0,0.0,30.0,0.0,30.0
888,0.0,0.0,0.0,0.0,0.0,0.0
8x8,0.0,0.0,200.0,155.0,0.0,355.0
98point6,0.0,0.0,0.0,0.0,0.0,0.0
99,0.0,0.0,0.0,0.0,75.0,75.0
A2Mac1 LLC,0.0,0.0,0.0,0.0,70.0,70.0
ABL,0.0,0.0,0.0,0.0,0.0,0.0
AEye,0.0,0.0,0.0,46.0,0.0,46.0
ALI Technologies,0.0,0.0,0.0,0.0,0.0,0.0
AU10TIX,0.0,0.0,0.0,19.0,0.0,19.0
Aakash,0.0,0.0,0.0,0.0,80.0,80.0
Abra,0.0,0.0,0.0,0.0,12.0,12.0
Absci,0.0,0.0,0.0,0.0,30.0,30.0
Acast,0.0,0.0,0.0,0.0,70.0,70.0
Acko,0.0,0.0,0.0,0.0,45.0,45.0
AdRoll,210.0,0.0,0.0,0.0,0.0,210.0
Ada,0.0,0.0,0.0,0.0,78.0,78.0
Ada Support,0.0,0.0,0.0,0.0,36.0,36.0
Adaptive Biotechnology,0.0,0.0,100.0,0.0,0.0,100.0
Addepar,0.0,0.0,0.0,20.0,0.0,20.0
Affirm,0.0,0.0,0.0,500.0,60.0,560.0
AgentSync,0.0,0.0,0.0,67.0,0.0,67.0
Agilent Technologies,0.0,0.0,0.0,0.0,184.0,184.0
Agility Robotics,0.0,0.0,0.0,0.0,0.0,0.0
Ahead,0.0,0.0,44.0,0.0,0.0,44.0
Airbnb,1900.0,0.0,0.0,0.0,0.0,1900.0
Airmeet,0.0,0.0,0.0,75.0,0.0,75.0
Airtable,0.0,0.0,254.0,237.0,0.0,491.0
Airtasker,0.0,0.0,0.0,45.0,0.0,45.0
Airtime,0.0,0.0,30.0,0.0,0.0,30.0
Ajaib,0.0,0.0,67.0,0.0,0.0,67.0
Akamai,0.0,0.0,0.0,290.0,0.0,290.0
Akili Interactive,0.0,0.0,0.0,0.0,0.0,0.0
Akili Labs,0.0,0.0,0.0,46.0,0.0,46.0
AlayaCare,0.0,0.0,80.0,0.0,0.0,80.0
Albert,0.0,0.0,20.0,0.0,0.0,20.0
Aleph Farms,0.0,0.0,0.0,0.0,30.0,30.0
AliExpress Russia,0.0,0.0,400.0,0.0,0.0,400.0
Alice,0.0,0.0,113.0,0.0,0.0,113.0
Alteryx,0.0,0.0,0.0,320.0,0.0,320.0
Alto Pharmacy,47.0,0.0,0.0,0.0,0.0,47.0
Amazon,0.0,0.0,10150.0,17000.0,430.0,27580.0
American Robotics,0.0,0.0,0.0,50.0,0.0,50.0
Amount,0.0,0.0,0.0,130.0,0.0,130.0
Amperity,0.0,0.0,13.0,0.0,20.0,33.0
Amplero,17.0,0.0,0.0,0.0,0.0,17.0
Amplitude,0.0,0.0,0.0,99.0,0.0,99.0
Analog Devices,0.0,0.0,0.0,0.0,111.0,111.0
Anchorage Digital,0.0,0.0,0.0,75.0,0.0,75.0
Andela,135.0,0.0,0.0,0.0,0.0,135.0
Anodot,0.0,0.0,35.0,0.0,0.0,35.0
Antidote Health,0.0,0.0,23.0,0.0,0.0,23.0
Apartment List,0.0,0.0,29.0,0.0,0.0,29.0
Apeks,0.0,0.0,0.0,0.0,0.0,0.0
App Annie,80.0,0.0,0.0,0.0,0.0,80.0
AppFolio,0.0,0.0,0.0,149.0,0.0,149.0
AppLovin,0.0,0.0,300.0,0.0,61.0,361.0
Apple,0.0,0.0,0.0,0.0,714.0,714.0
ApplyBoard,0.0,0.0,90.0,0.0,0.0,90.0
Aptiv,0.0,0.0,0.0,0.0,250.0,250.0
Aqgromalin,0.0,0.0,80.0,0.0,0.0,80.0
Aqua Security,24.0,0.0,65.0,0.0,50.0,139.0
Archipelago,0.0,0.0,0.0,40.0,0.0,40.0
Argo AI,0.0,0.0,323.0,0.0,0.0,323.0
Argyle,0.0,0.0,20.0,0.0,0.0,20.0
Arkane Studios,0.0,0.0,0.0,0.0,96.0,96.0
Arm Holdings,0.0,0.0,0.0,0.0,70.0,70.0
Armis,0.0,0.0,25.0,0.0,0.0,25.0
Arrival,0.0,0.0,480.0,1000.0,0.0,1480.0
Arrive Logistics,75.0,0.0,0.0,0.0,0.0,75.0
Artifact,0.0,0.0,0.0,0.0,0.0,0.0
Artsy,0.0,0.0,0.0,35.0,0.0,35.0
Asana,0.0,0.0,180.0,0.0,0.0,180.0
Assurance,0.0,0.0,0.0,0.0,112.0,112.0
Astra,40.0,0.0,0.0,0.0,0.0,40.0
Astrate Medical,0.0,0.0,0.0,0.0,0.0,0.0
Astronomer,0.0,0.0,0.0,176.0,0.0,176.0
At-Bay,0.0,0.0,0.0,27.0,0.0,27.0
Atlas,0.0,0.0,0.0,150.0,0.0,150.0
Atlassian,0.0,0.0,0.0,500.0,0.0,500.0
Atmosphere,0.0,0.0,0.0,0.0,100.0,100.0
AtoB,0.0,0.0,32.0,0.0,0.0,32.0
Atsu,6.0,0.0,0.0,0.0,0.0,6.0
Auctane,0.0,0.0,0.0,0.0,0.0,0.0
Audible,0.0,0.0,0.0,0.0,100.0,100.0
AudioCodes,0.0,0.0,0.0,160.0,0.0,160.0
Augury,0.0,0.0,0.0,90.0,0.0,90.0
Aura,0.0,0.0,70.0,0.0,0.0,70.0
Aurora,0.0,0.0,0.0,0.0,0.0,0.0
Aurora Solar,0.0,0.0,0.0,0.0,111.0,111.0
Autograph,0.0,0.0,0.0,30.0,0.0,30.0
Automation Anything,260.0,0.0,0.0,0.0,0.0,260.0
AvantStay,0.0,0.0,144.0,0.0,0.0,144.0
Avidbots,0.0,0.0,0.0,50.0,0.0,50.0
Avo,0.0,0.0,500.0,0.0,0.0,500.0
Away,60.0,0.0,0.0,22.0,0.0,82.0
Axios Media,0.0,0.0,0.0,0.0,50.0,50.0
Aya,5.0,0.0,0.0,0.0,0.0,5.0
B8ta,250.0,0.0,0.0,0.0,0.0,250.0
Back Market,0.0,0.0,93.0,0.0,0.0,93.0
Bakkt,0.0,0.0,0.0,0.0,28.0,28.0
Banxa,0.0,0.0,70.0,0.0,0.0,70.0
Basis Technologies,0.0,0.0,0.0,40.0,0.0,40.0
Baton,0.0,0.0,16.0,0.0,0.0,16.0
BeReal,0.0,0.0,0.0,0.0,0.0,0.0
Beam Benefits,0.0,0.0,0.0,31.0,74.0,105.0
Bell,0.0,0.0,0.0,0.0,400.0,400.0
Bench,47.0,0.0,0.0,0.0,0.0,47.0
BenchSci,0.0,0.0,0.0,0.0,70.0,70.0
Benchling,0.0,0.0,0.0,74.0,0.0,74.0
Benevity,0.0,0.0,0.0,137.0,0.0,137.0
Berlin Brands Group,0.0,0.0,100.0,0.0,0.0,100.0
Bestow,0.0,0.0,41.0,0.0,0.0,41.0
Better.com,0.0,900.0,3000.0,0.0,0.0,3900.0
BetterUp,0.0,0.0,0.0,100.0,0.0,100.0
Bevi,30.0,0.0,0.0,0.0,0.0,30.0
Beyond Meat,0.0,0.0,240.0,65.0,0.0,305.0
BeyondMinds,0.0,0.0,65.0,0.0,0.0,65.0
BharatAgri,0.0,0.0,0.0,40.0,0.0,40.0
BigCommerce,0.0,0.0,180.0,0.0,0.0,180.0
BigPanda,0.0,0.0,0.0,40.0,0.0,40.0
BillGO,0.0,0.0,0.0,0.0,80.0,80.0
BioMarin,0.0,0.0,120.0,0.0,0.0,120.0
Bird,406.0,0.0,138.0,0.0,0.0,544.0
Bishop Fox,0.0,0.0,0.0,50.0,0.0,50.0
BitOasis,0.0,0.0,9.0,0.0,0.0,9.0
BitTitan,0.0,70.0,0.0,0.0,0.0,70.0
Bitpanda,0.0,0.0,270.0,0.0,0.0,270.0
Bitso,0.0,0.0,80.0,0.0,0.0,80.0
Bitwise,0.0,0.0,0.0,900.0,0.0,900.0
Bizzabo,0.0,0.0,220.0,0.0,0.0,220.0
BlackLine,0.0,0.0,95.0,95.0,0.0,190.0
Blend,0.0,0.0,520.0,490.0,0.0,1010.0
BlissClub,0.0,0.0,0.0,0.0,21.0,21.0
Block,0.0,0.0,0.0,0.0,1000.0,1000.0
BlockFi,0.0,0.0,250.0,0.0,0.0,250.0
Blockchain.com,0.0,0.0,150.0,110.0,0.0,260.0
Blueboard,0.0,0.0,0.0,0.0,0.0,0.0
Blueground,130.0,0.0,0.0,0.0,0.0,130.0
Bluelearn,0.0,0.0,0.0,0.0,0.0,0.0
Bluevine,0.0,0.0,0.0,0.0,0.0,0.0
Bluprint,137.0,0.0,0.0,0.0,0.0,137.0
Bolt,0.0,0.0,240.0,180.0,0.0,420.0
Bolt.Earth,0.0,0.0,0.0,0.0,70.0,70.0
Bonsai,0.0,0.0,59.0,0.0,0.0,59.0
BookClub,0.0,0.0,12.0,0.0,0.0,12.0
BookMyShow,270.0,0.0,0.0,0.0,0.0,270.0
Boost,0.0,0.0,0.0,15.0,0.0,15.0
Boozt,0.0,0.0,70.0,0.0,0.0,70.0
Borrowell,15.0,0.0,0.0,0.0,0.0,15.0
Bounce,130.0,200.0,0.0,40.0,0.0,370.0
BounceX,77.0,0.0,0.0,0.0,0.0,77.0
Boxed,0.0,0.0,0.0,32.0,0.0,32.0
Branch,3.0,0.0,0.0,0.0,85.0,88.0
Branch Metrics,100.0,0.0,0.0,0.0,0.0,100.0
Branch.io,0.0,0.0,0.0,0.0,100.0,100.0
Brave,0.0,0.0,0.0,0.0,27.0,27.0
Brave Care,0.0,0.0,40.0,0.0,0.0,40.0
Breathe,0.0,0.0,50.0,0.0,0.0,50.0
Breather,120.0,0.0,0.0,0.0,0.0,120.0
Brex,62.0,0.0,136.0,0.0,282.0,480.0
Bridge Connector,154.0,0.0,0.0,0.0,0.0,154.0
Bridgit,0.0,0.0,13.0,0.0,0.0,13.0
Bright Machines,0.0,0.0,30.0,0.0,0.0,30.0
Bright Money,0.0,0.0,100.0,0.0,0.0,100.0
Brightcove,0.0,0.0,0.0,70.0,0.0,70.0
Brighte,0.0,0.0,30.0,0.0,0.0,30.0
Brilliant,0.0,0.0,0.0,0.0,0.0,0.0
Bringg,10.0,0.0,0.0,0.0,0.0,10.0
Britishvolt,0.0,0.0,0.0,206.0,0.0,206.0
Briza,0.0,0.0,26.0,0.0,0.0,26.0
Bryter,0.0,0.0,100.0,0.0,0.0,100.0
Buenbit,0.0,0.0,80.0,0.0,0.0,80.0
Builder,39.0,0.0,0.0,0.0,0.0,39.0
Built In,0.0,0.0,50.0,0.0,0.0,50.0
Bullhorn,0.0,0.0,0.0,140.0,0.0,140.0
Bullish,0.0,0.0,30.0,0.0,0.0,30.0
Bumble,0.0,0.0,0.0,0.0,350.0,350.0
Bungie,0.0,0.0,0.0,0.0,220.0,220.0
BusBud,23.0,0.0,0.0,0.0,0.0,23.0
Buser,0.0,0.0,160.0,0.0,0.0,160.0
Business Insider,0.0,0.0,0.0,0.0,0.0,0.0
Bustle Digital Group,24.0,0.0,0.0,0.0,0.0,24.0
Butler Hospitality,0.0,0.0,1000.0,0.0,0.0,1000.0
Button,48.0,0.0,0.0,0.0,0.0,48.0
Buy.com,87.0,0.0,0.0,0.0,0.0,87.0
BuzzFeed,0.0,0.0,180.0,180.0,0.0,360.0
Byju's,0.0,0.0,2500.0,0.0,500.0,3000.0
ByteDance,0.0,0.0,0.0,0.0,450.0,450.0
C2FO,0.0,0.0,20.0,80.0,32.0,132.0
CI Gaming,0.0,0.0,0.0,0.0,30.0,30.0
CNET,0.0,0.0,0.0,12.0,0.0,12.0
CS Disco,0.0,0.0,0.0,62.0,0.0,62.0
CTO.ai,30.0,0.0,0.0,0.0,0.0,30.0
Cabify,0.0,0.0,0.0,0.0,29.0,29.0
Cadre,28.0,0.0,0.0,0.0,0.0,28.0
Cake Bikes,0.0,0.0,0.0,0.0,0.0,0.0
Calendly,0.0,0.0,0.0,60.0,0.0,60.0
Calibrate,0.0,0.0,156.0,0.0,0.0,156.0
Calm,0.0,0.0,90.0,0.0,0.0,90.0
Cameo,0.0,0.0,87.0,0.0,0.0,87.0
Candy Digital,0.0,0.0,33.0,0.0,0.0,33.0
Canoo,0.0,0.0,58.0,0.0,0.0,58.0
Capitolis,0.0,0.0,37.0,0.0,0.0,37.0
Captiv8,0.0,0.0,0.0,8.0,0.0,8.0
CaptivateIQ,0.0,0.0,31.0,0.0,0.0,31.0
CarGurus,130.0,0.0,0.0,0.0,0.0,130.0
CarTrawler,0.0,0.0,0.0,0.0,40.0,40.0
Carbon Health,0.0,0.0,250.0,114.0,56.0,420.0
Care/of,0.0,0.0,0.0,0.0,143.0,143.0
CareRev,0.0,0.0,0.0,100.0,0.0,100.0
Careem,536.0,0.0,0.0,0.0,0.0,536.0
Career Karma,0.0,0.0,60.0,0.0,0.0,60.0
Carousell,0.0,0.0,110.0,0.0,0.0,110.0
Cars24,0.0,0.0,600.0,0.0,0.0,600.0
Cart.com,0.0,0.0,0.0,25.0,0.0,25.0
Carta,161.0,0.0,0.0,0.0,0.0,161.0
Carvana,0.0,0.0,4000.0,0.0,0.0,4000.0
Carwow,0.0,0.0,70.0,0.0,0.0,70.0
Casper,78.0,0.0,0.0,0.0,0.0,78.0
Cazoo,0.0,0.0,750.0,0.0,0.0,750.0
Celsius,0.0,0.0,150.0,0.0,0.0,150.0
Cerebral,0.0,0.0,400.0,285.0,0.0,685.0
Certinia,0.0,0.0,0.0,0.0,0.0,0.0
Chainalysis,0.0,0.0,0.0,194.0,0.0,194.0
Character.ai,0.0,0.0,0.0,0.0,6.0,6.0
ChargePoint,0.0,0.0,0.0,0.0,250.0,250.0
Chargebee,0.0,0.0,142.0,100.0,0.0,242.0
Checkmarx,0.0,0.0,100.0,0.0,0.0,100.0
Checkout.com,0.0,0.0,100.0,0.0,80.0,180.0
Checkr,64.0,0.0,0.0,0.0,382.0,446.0
Chegg,0.0,0.0,0.0,80.0,1323.0,1403.0
Chia Network,0.0,0.0,0.0,26.0,0.0,26.0
Chief,0.0,0.0,0.0,43.0,0.0,43.0
Chime,0.0,0.0,156.0,0.0,0.0,156.0
Chingari,0.0,0.0,0.0,48.0,0.0,48.0
Chipper Cash,0.0,0.0,50.0,115.0,20.0,185.0
Chope,0.0,0.0,65.0,0.0,0.0,65.0
ChowNow,0.0,0.0,140.0,0.0,60.0,200.0
Chrono24,0.0,0.0,0.0,65.0,0.0,65.0
Cint,0.0,0.0,0.0,0.0,0.0,0.0
CircleCI,0.0,0.0,0.0,0.0,100.0,100.0
Cisco,0.0,0.0,4100.0,0.0,9850.0,13950.0
Citrine Informatics,0.0,0.0,0.0,22.0,0.0,22.0
Citrix,0.0,0.0,0.0,0.0,1000.0,1000.0
CityMall,0.0,0.0,191.0,0.0,0.0,191.0
Cityblock Health,0.0,0.0,0.0,155.0,0.0,155.0
Clarify Health,0.0,0.0,15.0,0.0,0.0,15.0
ClassPass,154.0,0.0,0.0,0.0,0.0,154.0
Clear,0.0,0.0,190.0,0.0,0.0,190.0
ClearCo,0.0,0.0,0.0,50.0,0.0,50.0
Clearbanc,17.0,0.0,0.0,0.0,0.0,17.0
Clearco,0.0,0.0,125.0,0.0,0.0,125.0
Clearcover,0.0,0.0,0.0,81.0,0.0,81.0
CleverTap,60.0,0.0,0.0,0.0,0.0,60.0
ClickUp,0.0,0.0,60.0,90.0,0.0,150.0
Clinc,40.0,0.0,0.0,0.0,0.0,40.0
Cloudflare,0.0,0.0,0.0,0.0,40.0,40.0
Cloudinary,0.0,0.0,40.0,0.0,0.0,40.0
Clue,0.0,0.0,0.0,31.0,0.0,31.0
Clutch,0.0,0.0,76.0,0.0,0.0,76.0
CoRover,0.0,0.0,0.0,0.0,0.0,0.0
Code42,25.0,0.0,0.0,0.0,0.0,25.0
CodeSee,0.0,0.0,0.0,0.0,0.0,0.0
Coding Dojo,7.0,0.0,0.0,0.0,0.0,7.0
Cogito,24.0,0.0,0.0,0.0,0.0,24.0
Cohere,0.0,0.0,0.0,0.0,20.0,20.0
CoinJar,0.0,0.0,10.0,0.0,0.0,10.0
Coinbase,0.0,0.0,1100.0,950.0,0.0,2050.0
Coinsquare,0.0,0.0,30.0,0.0,0.0,30.0
Community,0.0,0.0,40.0,0.0,0.0,40.0
Community Gaming,0.0,0.0,0.0,17.0,0.0,17.0
Compass,375.0,0.0,721.0,0.0,0.0,1096.0
Compete,0.0,0.0,11.0,0.0,0.0,11.0
ComplYant,0.0,0.0,0.0,0.0,0.0,0.0
Confluent,0.0,0.0,0.0,221.0,0.0,221.0
ConnectWise,0.0,0.0,0.0,0.0,80.0,80.0
ConsenSys,91.0,0.0,0.0,100.0,0.0,191.0
Consider.co,13.0,0.0,0.0,0.0,0.0,13.0
ContaAzul,140.0,0.0,0.0,0.0,0.0,140.0
ContraFect,0.0,0.0,16.0,0.0,0.0,16.0
Convene,150.0,0.0,0.0,0.0,0.0,150.0
Convoy,0.0,0.0,90.0,530.0,0.0,620.0
Copia,0.0,0.0,0.0,350.0,1060.0,1410.0
Cornershop,0.0,0.0,0.0,250.0,200.0,450.0
Coterie Insurance,0.0,0.0,30.0,0.0,0.0,30.0
Course Hero,0.0,0.0,0.0,42.0,0.0,42.0
Cova,0.0,0.0,0.0,0.0,0.0,0.0
Cowbell,0.0,0.0,0.0,28.0,0.0,28.0
Crayon,20.0,0.0,0.0,0.0,0.0,20.0
Credit Sesame,22.0,0.0,0.0,0.0,0.0,22.0
Crejo.Fun,0.0,0.0,170.0,0.0,0.0,170.0
Criteo,0.0,0.0,0.0,0.0,280.0,280.0
Crossbeam,0.0,0.0,0.0,17.0,0.0,17.0
CrowdStreet,24.0,0.0,0.0,0.0,0.0,24.0
Cruise,150.0,0.0,0.0,900.0,0.0,1050.0
Crypto.com,0.0,0.0,2260.0,0.0,0.0,2260.0
Cue Health,0.0,0.0,0.0,326.0,749.0,1075.0
Culture Amp,36.0,0.0,0.0,90.0,0.0,126.0
Culture Trip,95.0,0.0,0.0,0.0,0.0,95.0
Curalie,0.0,0.0,0.0,0.0,0.0,0.0
Curbio,0.0,0.0,0.0,0.0,0.0,0.0
Cure.fit,0.0,0.0,0.0,0.0,120.0,120.0
CureFit,800.0,0.0,0.0,0.0,0.0,800.0
Curve,0.0,0.0,65.0,0.0,0.0,65.0
Cvent,400.0,0.0,0.0,0.0,0.0,400.0
CyCognito,0.0,0.0,30.0,0.0,0.0,30.0
CyberProof,0.0,0.0,0.0,0.0,0.0,0.0
Cybereason,0.0,0.0,300.0,0.0,0.0,300.0
Cypress.io,0.0,0.0,0.0,0.0,11.0,11.0
D2iQ,34.0,0.0,0.0,0.0,0.0,34.0
Daily Harvest,0.0,0.0,60.0,0.0,0.0,60.0
Dapper Labs,0.0,0.0,134.0,0.0,0.0,134.0
Daraz,0.0,0.0,0.0,0.0,0.0,0.0
Dark,6.0,0.0,0.0,0.0,0.0,6.0
Dastgyr,0.0,0.0,0.0,0.0,0.0,0.0
Data.ai,0.0,0.0,0.0,0.0,44.0,44.0
DataRails,0.0,0.0,30.0,0.0,0.0,30.0
DataRobot,200.0,0.0,312.0,0.0,0.0,512.0
Dataminr,0.0,0.0,0.0,150.0,0.0,150.0
DayTwo,0.0,0.0,0.0,0.0,0.0,0.0
Deadspin,0.0,0.0,0.0,0.0,11.0,11.0
DealShare,0.0,0.0,0.0,100.0,0.0,100.0
Dealtale,0.0,0.0,0.0,70.0,0.0,70.0
Deep Instict,0.0,0.0,0.0,46.0,0.0,46.0
DeepVerge,0.0,0.0,0.0,50.0,0.0,50.0
Deepgram,0.0,0.0,0.0,20.0,0.0,20.0
Deepwatch,0.0,0.0,0.0,30.0,0.0,30.0
Deliv,669.0,0.0,0.0,0.0,0.0,669.0
Deliveroo,367.0,0.0,0.0,350.0,0.0,717.0
Deliveroo Australia,0.0,0.0,120.0,0.0,0.0,120.0
Delivery Hero,0.0,300.0,100.0,156.0,200.0,756.0
Dell,0.0,0.0,0.0,0.0,6000.0,6000.0
Demandbase,0.0,0.0,27.0,0.0,0.0,27.0
Deputy,60.0,0.0,0.0,0.0,0.0,60.0
Descartes Labs,12.0,0.0,0.0,0.0,0.0,12.0
Desktop Metal,0.0,0.0,0.0,0.0,0.0,0.0
Dextrous Robotics,0.0,0.0,0.0,0.0,0.0,0.0
DialSource,5.0,0.0,0.0,0.0,0.0,5.0
DigitalOcean,0.0,0.0,0.0,200.0,0.0,200.0
Discord,0.0,0.0,0.0,37.0,170.0,207.0
DispatchHealth,0.0,0.0,0.0,0.0,88.0,88.0
Divergent 3D,57.0,0.0,0.0,0.0,0.0,57.0
Divvy Homes,0.0,0.0,40.0,0.0,0.0,40.0
Dock,0.0,0.0,190.0,0.0,0.0,190.0
Docly,8.0,0.0,0.0,0.0,0.0,8.0
DocuSign,0.0,0.0,671.0,680.0,440.0,1791.0
Doma,0.0,0.0,1075.0,0.0,0.0,1075.0
Domestika,0.0,0.0,150.0,89.0,0.0,239.0
Domo,90.0,0.0,0.0,0.0,0.0,90.0
DoorDash,0.0,0.0,1250.0,0.0,0.0,1250.0
Dover,0.0,0.0,23.0,0.0,0.0,23.0
Doximity,0.0,0.0,0.0,100.0,0.0,100.0
Dozee,0.0,0.0,0.0,0.0,40.0,40.0
DraftKings,0.0,0.0,0.0,140.0,0.0,140.0
Dragos,0.0,0.0,0.0,50.0,0.0,50.0
Drata,0.0,0.0,0.0,0.0,40.0,40.0
Drift,0.0,0.0,0.0,100.0,0.0,100.0
Drip Capital,0.0,0.0,0.0,75.0,0.0,75.0
Drizly,0.0,0.0,0.0,0.0,168.0,168.0
Dropbox,0.0,315.0,0.0,500.0,0.0,815.0
Dropp,0.0,0.0,0.0,60.0,0.0,60.0
Dukaan,0.0,0.0,0.0,56.0,0.0,56.0
Dunzo,0.0,0.0,0.0,450.0,150.0,600.0
Dutchie,0.0,0.0,50.0,0.0,0.0,50.0
Dynamic Signal,35.0,0.0,0.0,0.0,0.0,35.0
EVBox,0.0,0.0,0.0,0.0,0.0,0.0
EXL,0.0,0.0,0.0,0.0,800.0,800.0
Earnin,50.0,0.0,0.0,0.0,0.0,50.0
Earnix,0.0,0.0,0.0,30.0,0.0,30.0
EasyPost,50.0,0.0,0.0,0.0,0.0,50.0
Eatsy,20.0,0.0,0.0,0.0,0.0,20.0
Ebanx,62.0,0.0,340.0,0.0,0.0,402.0
Ecobee,47.0,0.0,0.0,0.0,0.0,47.0
Eden / Managed …,40.0,0.0,0.0,0.0,0.0,40.0
Edgio,0.0,0.0,95.0,134.0,80.0,309.0
Eightfold AI,0.0,0.0,0.0,90.0,0.0,90.0
Electric,0.0,0.0,0.0,141.0,0.0,141.0
Electronic Arts,0.0,0.0,0.0,780.0,670.0,1450.0
Element AI,62.0,0.0,0.0,0.0,0.0,62.0
Elinvar,0.0,0.0,43.0,0.0,0.0,43.0
Embark Trucks,0.0,0.0,0.0,230.0,0.0,230.0
Embroker,0.0,0.0,30.0,0.0,0.0,30.0
Emma Sleep,0.0,0.0,0.0,0.0,400.0,400.0
Emotive,0.0,0.0,30.0,0.0,0.0,30.0
Enjoei,0.0,0.0,0.0,31.0,0.0,31.0
Enjoy,0.0,0.0,400.0,0.0,0.0,400.0
Enovix,0.0,0.0,0.0,0.0,170.0,170.0
Enphase Energy,0.0,0.0,0.0,350.0,0.0,350.0
Envoy,58.0,0.0,0.0,0.0,0.0,58.0
Epic Gaming,0.0,0.0,0.0,870.0,0.0,870.0
EquityZen,0.0,0.0,30.0,0.0,0.0,30.0
Equitybee,0.0,0.0,25.0,24.0,0.0,49.0
Ericsson,0.0,0.0,0.0,8500.0,0.0,8500.0
Ermetic,0.0,0.0,0.0,30.0,0.0,30.0
Eroad,0.0,0.0,0.0,200.0,0.0,200.0
Ethos Life,18.0,0.0,40.0,0.0,0.0,58.0
Etsy,0.0,0.0,0.0,225.0,225.0,450.0
Eucalyptus,0.0,0.0,50.0,0.0,0.0,50.0
Eventbrite,500.0,0.0,0.0,80.0,100.0,680.0
EverC,0.0,0.0,0.0,0.0,16.0,16.0
Everlane,0.0,0.0,0.0,30.0,0.0,30.0
Everybuddy,0.0,0.0,0.0,0.0,0.0,0.0
Evolve,0.0,0.0,0.0,339.0,0.0,339.0
Examedi,0.0,0.0,0.0,45.0,0.0,45.0
Exodus,0.0,0.0,59.0,0.0,0.0,59.0
Exotel,0.0,0.0,0.0,142.0,0.0,142.0
Expedia,0.0,0.0,0.0,0.0,1584.0,1584.0
Expel,0.0,0.0,0.0,60.0,0.0,60.0
Exscientia,0.0,0.0,0.0,0.0,0.0,0.0
Exterro,0.0,0.0,0.0,24.0,0.0,24.0
F5,0.0,0.0,0.0,0.0,0.0,0.0
FNZ,0.0,0.0,0.0,1000.0,0.0,1000.0
FabHotels,80.0,0.0,0.0,0.0,0.0,80.0
Fable,0.0,0.0,0.0,13.0,0.0,13.0
Fabric,0.0,0.0,120.0,0.0,30.0,150.0
Facily,0.0,0.0,260.0,0.0,0.0,260.0
Faire,0.0,0.0,84.0,250.0,0.0,334.0
FanClash,0.0,0.0,0.0,100.0,0.0,100.0
FarEye,0.0,0.0,250.0,0.0,0.0,250.0
Farfetch,0.0,0.0,0.0,0.0,2000.0,2000.0
Fashinza,0.0,0.0,0.0,0.0,0.0,0.0
Fastly,0.0,0.0,0.0,0.0,0.0,0.0
Fate Therapeutics,0.0,0.0,0.0,315.0,0.0,315.0
Fetch,0.0,0.0,0.0,100.0,0.0,100.0
Fi.Money,0.0,0.0,0.0,30.0,0.0,30.0
Fifth Season,0.0,0.0,100.0,0.0,0.0,100.0
Figure,0.0,0.0,0.0,90.0,0.0,90.0
Finder,0.0,0.0,0.0,0.0,60.0,60.0
Finite State,0.0,0.0,16.0,0.0,0.0,16.0
Finleap Connect,0.0,0.0,14.0,0.0,0.0,14.0
Fireblocks,0.0,0.0,0.0,30.0,20.0,50.0
First Mode,0.0,0.0,0.0,0.0,48.0,48.0
Fisker,0.0,0.0,0.0,0.0,0.0,0.0
Fission,0.0,0.0,0.0,0.0,0.0,0.0
Fittr,0.0,0.0,0.0,30.0,0.0,30.0
Five9,0.0,0.0,0.0,0.0,190.0,190.0
Fiverr,0.0,0.0,60.0,0.0,0.0,60.0
Flex,0.0,0.0,0.0,0.0,31.0,31.0
Flexe,0.0,0.0,0.0,131.0,99.0,230.0
Flexport,0.0,0.0,0.0,640.0,0.0,640.0
FlightStats,0.0,0.0,0.0,0.0,73.0,73.0
Flink,0.0,0.0,0.0,8100.0,0.0,8100.0
Flipboard,0.0,0.0,24.0,0.0,0.0,24.0
Flipkart,0.0,0.0,0.0,0.0,1100.0,1100.0
Flock Freight,0.0,0.0,0.0,45.0,54.0,99.0
Flockjay,0.0,37.0,0.0,0.0,0.0,37.0
Flutterwave,0.0,0.0,0.0,0.0,60.0,60.0
Fly.io,0.0,0.0,0.0,0.0,40.0,40.0
Flyhomes,0.0,0.0,500.0,0.0,0.0,500.0
Flytedesk,4.0,0.0,0.0,0.0,0.0,4.0
Flywheel Sports,784.0,0.0,0.0,0.0,0.0,784.0
Flywire,60.0,0.0,0.0,0.0,0.0,60.0
Food52,0.0,0.0,41.0,0.0,0.0,41.0
Foodsby,87.0,0.0,0.0,0.0,0.0,87.0
ForeScout,0.0,0.0,0.0,100.0,0.0,100.0
ForgeRock,0.0,0.0,0.0,0.0,109.0,109.0
Form Energy,0.0,0.0,0.0,0.0,0.0,0.0
Forma.ai,0.0,0.0,15.0,0.0,0.0,15.0
Formlabs,0.0,0.0,0.0,0.0,0.0,0.0
Forto,0.0,0.0,60.0,0.0,0.0,60.0
Forward,10.0,0.0,0.0,0.0,0.0,10.0
FourKites,0.0,0.0,60.0,0.0,0.0,60.0
Foursquare,0.0,0.0,0.0,0.0,105.0,105.0
Foxtrot,0.0,0.0,26.0,0.0,0.0,26.0
Freenome,0.0,0.0,0.0,0.0,100.0,100.0
Freetrade,0.0,0.0,45.0,0.0,0.0,45.0
FreightWaves,0.0,0.0,0.0,0.0,16.0,16.0
Freightos,0.0,0.0,0.0,50.0,0.0,50.0
FreshBooks,0.0,0.0,0.0,80.0,0.0,80.0
FreshDirect,0.0,0.0,0.0,0.0,100.0,100.0
Freshbooks,38.0,0.0,0.0,0.0,0.0,38.0
Freshworks,0.0,0.0,90.0,114.0,0.0,204.0
FrontRow,0.0,0.0,275.0,43.0,0.0,318.0
Frontdesk,35.0,0.0,0.0,0.0,200.0,235.0
FullStory,0.0,0.0,0.0,0.0,50.0,50.0
Fundbox,14.0,0.0,150.0,0.0,0.0,164.0
Funding Circle,0.0,0.0,0.0,0.0,0.0,0.0
Funding Societies,65.0,0.0,0.0,0.0,0.0,65.0
G2,17.0,0.0,0.0,0.0,0.0,17.0
Galvanic Gaming,0.0,0.0,0.0,0.0,0.0,0.0
Gather,0.0,0.0,30.0,0.0,0.0,30.0
Gem,0.0,0.0,100.0,0.0,0.0,100.0
Gemini,0.0,0.0,168.0,0.0,0.0,168.0
GetNinjas,11.0,0.0,0.0,0.0,0.0,11.0
GetYourGuide,90.0,0.0,0.0,0.0,0.0,90.0
Getaround,100.0,0.0,0.0,0.0,0.0,100.0
Getir,0.0,0.0,0.0,2500.0,3300.0,5800.0
Ghost Autonomy,0.0,0.0,0.0,0.0,100.0,100.0
Ginkgo Bioworks,0.0,0.0,0.0,0.0,800.0,800.0
GitLab,0.0,0.0,0.0,130.0,0.0,130.0
Gitpod,0.0,0.0,0.0,21.0,0.0,21.0
Glassdoor,300.0,0.0,0.0,140.0,0.0,440.0
Glints,0.0,0.0,198.0,0.0,0.0,198.0
Glisser,0.0,0.0,0.0,25.0,0.0,25.0
Glitch,18.0,0.0,0.0,0.0,0.0,18.0
Gloat,0.0,0.0,0.0,35.0,0.0,35.0
Glossier,150.0,0.0,99.0,0.0,0.0,249.0
Glovo,0.0,0.0,0.0,250.0,25.0,275.0
Glowforge,0.0,0.0,0.0,0.0,30.0,30.0
GoBear,22.0,0.0,0.0,0.0,0.0,22.0
GoBolt,0.0,0.0,0.0,55.0,0.0,55.0
GoCardless,0.0,0.0,0.0,150.0,0.0,150.0
GoDaddy,0.0,0.0,0.0,530.0,0.0,530.0
GoHealth,0.0,0.0,800.0,0.0,0.0,800.0
GoPro,200.0,0.0,0.0,0.0,139.0,339.0
GoSpotCheck,23.0,0.0,0.0,0.0,0.0,23.0
GoStudent,0.0,0.0,0.0,0.0,100.0,100.0
GoTo,0.0,0.0,0.0,0.0,29.0,29.0
GoTo Group,0.0,0.0,1300.0,0.0,0.0,1300.0
Gojek,430.0,0.0,0.0,0.0,0.0,430.0
Gong,0.0,0.0,0.0,80.0,0.0,80.0
Good Glamm Group,0.0,0.0,0.0,0.0,150.0,150.0
GoodRx,0.0,0.0,140.0,0.0,0.0,140.0
Google,0.0,0.0,0.0,12000.0,1557.0,13557.0
Goop,0.0,0.0,0.0,0.0,39.0,39.0
Gopuff,0.0,0.0,2300.0,100.0,0.0,2400.0
Gorillas,0.0,0.0,300.0,0.0,0.0,300.0
Grab,360.0,0.0,0.0,1000.0,0.0,1360.0
GrabCAD,0.0,0.0,0.0,0.0,13.0,13.0
Grabango,0.0,0.0,0.0,34.0,0.0,34.0
Grail,0.0,0.0,0.0,0.0,350.0,350.0
Grammarly,0.0,0.0,0.0,0.0,230.0,230.0
GrayMeta,20.0,0.0,0.0,0.0,0.0,20.0
Green Labs,0.0,0.0,0.0,350.0,0.0,350.0
Greenhouse,120.0,0.0,0.0,100.0,0.0,220.0
Greenlight,0.0,0.0,0.0,104.0,0.0,104.0
Grin,0.0,0.0,60.0,0.0,0.0,60.0
Gro Intelligence,0.0,0.0,0.0,0.0,110.0,110.0
Group Nine Media,50.0,0.0,0.0,0.0,0.0,50.0
Groupon,2800.0,0.0,500.0,0.0,0.0,3300.0
Grover,0.0,0.0,40.0,0.0,0.0,40.0
Grubhub,0.0,0.0,0.0,400.0,0.0,400.0
Guardant Health,0.0,0.0,0.0,130.0,0.0,130.0
Guideline,0.0,0.0,0.0,48.0,0.0,48.0
Guild,0.0,0.0,0.0,172.0,300.0,472.0
GumGum,90.0,0.0,0.0,0.0,0.0,90.0
Gupy,0.0,0.0,0.0,58.0,0.0,58.0
Gusto,0.0,0.0,0.0,126.0,0.0,126.0
Gympass,467.0,0.0,0.0,0.0,0.0,467.0
HOOQ,250.0,0.0,0.0,0.0,0.0,250.0
Happay,0.0,0.0,0.0,160.0,0.0,160.0
Happy Money,0.0,0.0,158.0,0.0,0.0,158.0
Hash,0.0,0.0,58.0,0.0,0.0,58.0
Headspace,0.0,0.0,50.0,181.0,0.0,231.0
HealthMatch,0.0,0.0,18.0,0.0,0.0,18.0
HealthifyMe,0.0,0.0,0.0,0.0,150.0,150.0
Healthy.io,0.0,0.0,0.0,70.0,40.0,110.0
Help.com,16.0,0.0,0.0,0.0,0.0,16.0
Here,0.0,0.0,0.0,0.0,0.0,0.0
Heroes,0.0,0.0,24.0,0.0,0.0,24.0
Heureka Group,0.0,0.0,0.0,0.0,100.0,100.0
Hibob,70.0,0.0,0.0,0.0,0.0,70.0
Highsnobiety,51.0,0.0,0.0,24.0,0.0,75.0
Highspot,0.0,0.0,0.0,240.0,0.0,240.0
Hinge Health,0.0,0.0,0.0,0.0,0.0,0.0
Hippo Insurance,0.0,0.0,70.0,120.0,0.0,190.0
Hireology,36.0,0.0,0.0,0.0,0.0,36.0
Hodinkee,0.0,0.0,0.0,24.0,0.0,24.0
Hologram,0.0,0.0,80.0,0.0,0.0,80.0
Homebot,0.0,0.0,18.0,0.0,0.0,18.0
Homeday,0.0,0.0,0.0,40.0,0.0,40.0
Homie,0.0,0.0,159.0,0.0,0.0,159.0
Hootsuite,0.0,0.0,450.0,70.0,0.0,520.0
HopSkipDrive,8.0,0.0,0.0,0.0,0.0,8.0
Hopin,0.0,0.0,380.0,0.0,0.0,380.0
Hopper,0.0,0.0,0.0,250.0,0.0,250.0
Horizn Studios,15.0,0.0,0.0,0.0,0.0,15.0
Hotmart,0.0,0.0,227.0,0.0,0.0,227.0
Houzz,155.0,0.0,95.0,0.0,0.0,250.0
HubSpot,0.0,0.0,0.0,500.0,0.0,500.0
Hubba,0.0,45.0,0.0,0.0,0.0,45.0
Hubilo,0.0,0.0,45.0,115.0,0.0,160.0
Huma,0.0,0.0,0.0,45.0,0.0,45.0
Humane,0.0,0.0,0.0,0.0,10.0,10.0
Humble Games,0.0,0.0,0.0,0.0,36.0,36.0
Huobi,0.0,0.0,300.0,275.0,0.0,575.0
Hyperloop One,0.0,0.0,0.0,0.0,0.0,0.0
Hyperscience,0.0,0.0,100.0,0.0,0.0,100.0
IAC,0.0,0.0,0.0,0.0,330.0,330.0
IBM,0.0,0.0,0.0,0.0,1000.0,1000.0
ICANN,0.0,0.0,0.0,0.0,33.0,33.0
IRL,0.0,0.0,25.0,0.0,0.0,25.0
Ibotta,87.0,0.0,0.0,0.0,0.0,87.0
Identiq,0.0,0.0,0.0,0.0,20.0,20.0
Iflix,50.0,0.0,0.0,0.0,0.0,50.0
Ike,10.0,0.0,0.0,0.0,0.0,10.0
Illumina,0.0,0.0,500.0,0.0,111.0,611.0
Immersive Labs,0.0,0.0,38.0,0.0,0.0,38.0
Immutable,0.0,0.0,20.0,0.0,0.0,20.0
Impact.com,0.0,0.0,0.0,0.0,40.0,40.0
Impala,0.0,0.0,30.0,0.0,0.0,30.0
Impinj,0.0,0.0,0.0,0.0,50.0,50.0
Impossible Foods,0.0,0.0,50.0,140.0,0.0,190.0
InDebted,0.0,0.0,40.0,0.0,0.0,40.0
InSightec,0.0,0.0,0.0,100.0,100.0,200.0
InVision,0.0,0.0,0.0,0.0,0.0,0.0
Incredible Health,9.0,0.0,0.0,0.0,0.0,9.0
Incredibuild,0.0,0.0,0.0,40.0,0.0,40.0
Indeed,0.0,0.0,0.0,2200.0,1000.0,3200.0
Indigo,0.0,0.0,0.0,0.0,0.0,0.0
Industrious,90.0,0.0,0.0,0.0,0.0,90.0
Infarm,0.0,0.0,550.0,0.0,0.0,550.0
Infineon,0.0,0.0,0.0,0.0,1400.0,1400.0
InfluxData,0.0,0.0,65.0,0.0,0.0,65.0
InfoSum,0.0,0.0,20.0,0.0,0.0,20.0
Inmobi,0.0,0.0,0.0,0.0,125.0,125.0
Innovaccer,0.0,0.0,90.0,245.0,0.0,335.0
Innovid,0.0,0.0,0.0,40.0,0.0,40.0
Innoviz,0.0,0.0,0.0,0.0,60.0,60.0
Inscribe,0.0,0.0,0.0,0.0,0.0,0.0
Inspirato,130.0,0.0,0.0,159.0,0.0,289.0
Instacart,0.0,0.0,0.0,0.0,250.0,250.0
Instagram,0.0,0.0,0.0,0.0,60.0,60.0
Instamojo,6.0,0.0,0.0,0.0,0.0,6.0
Instructure,150.0,0.0,0.0,0.0,0.0,150.0
InsurStaq.ai,0.0,0.0,0.0,0.0,0.0,0.0
Integral Ad Science,70.0,0.0,120.0,0.0,0.0,190.0
Intel,0.0,0.0,0.0,0.0,15395.0,15395.0
Intercom,39.0,0.0,173.0,0.0,0.0,212.0
Introhive,0.0,0.0,57.0,0.0,0.0,57.0
Intuit,715.0,0.0,0.0,0.0,1800.0,2515.0
Inuitive,0.0,0.0,0.0,0.0,16.0,16.0
InvestCloud,0.0,0.0,0.0,80.0,0.0,80.0
Invitae,0.0,0.0,0.0,235.0,0.0,235.0
Involves,0.0,0.0,70.0,0.0,0.0,70.0
Iris Nova,9.0,0.0,0.0,0.0,0.0,9.0
Iron Ox,0.0,0.0,50.0,0.0,0.0,50.0
IronNet,0.0,0.0,90.0,0.0,0.0,90.0
JD.ID,0.0,0.0,200.0,0.0,0.0,200.0
JOKR,0.0,0.0,50.0,0.0,0.0,50.0
Jam City,0.0,0.0,200.0,0.0,85.0,285.0
Jama,12.0,0.0,0.0,0.0,0.0,12.0
Jamf,0.0,0.0,0.0,0.0,0.0,0.0
Jasper Health,0.0,0.0,0.0,0.0,0.0,0.0
Jellysmack,0.0,0.0,0.0,0.0,0.0,0.0
JetClosing,20.0,0.0,0.0,0.0,0.0,20.0
Jetty,35.0,0.0,0.0,0.0,0.0,35.0
Jimdo,0.0,0.0,50.0,0.0,0.0,50.0
Jiobit,6.0,0.0,0.0,0.0,0.0,6.0
Jobcase,39.0,0.0,0.0,0.0,0.0,39.0
Joonko,0.0,0.0,0.0,0.0,0.0,0.0
Journera,0.0,0.0,0.0,0.0,0.0,0.0
Jumia,0.0,0.0,900.0,0.0,0.0,900.0
Jumio,0.0,0.0,0.0,100.0,0.0,100.0
Jump,500.0,0.0,0.0,0.0,0.0,500.0
Jumpcloud,0.0,0.0,0.0,100.0,0.0,100.0
Jungle Scout,0.0,0.0,0.0,0.0,0.0,0.0
Juni,0.0,0.0,72.0,0.0,0.0,72.0
Juul,900.0,0.0,400.0,0.0,0.0,1300.0
Kabam,0.0,0.0,35.0,0.0,0.0,35.0
Kaiyo,0.0,0.0,0.0,0.0,0.0,0.0
Kaleidoscope,0.0,0.0,0.0,15.0,0.0,15.0
Kaltura,0.0,0.0,0.0,75.0,0.0,75.0
Kandji,0.0,0.0,0.0,0.0,0.0,0.0
Kape Technologies,0.0,0.0,0.0,200.0,0.0,200.0
Karhoo,0.0,0.0,0.0,0.0,0.0,0.0
Karma,0.0,0.0,0.0,20.0,0.0,20.0
Kaseya,0.0,0.0,0.0,0.0,150.0,150.0
Kaspersky,0.0,0.0,0.0,0.0,0.0,0.0
Kaspien,0.0,0.0,0.0,0.0,0.0,0.0
Katerra,640.0,2434.0,0.0,0.0,0.0,3074.0
Kayak / OpenTable,160.0,0.0,0.0,0.0,0.0,160.0
KeepTruckin,349.0,0.0,0.0,0.0,0.0,349.0
Kenko Health,0.0,0.0,0.0,50.0,0.0,50.0
Kenoby,18.0,0.0,0.0,0.0,0.0,18.0
KeokeN,0.0,0.0,0.0,0.0,0.0,0.0
Kevin,0.0,0.0,0.0,0.0,0.0,0.0
Khoros,0.0,0.0,120.0,0.0,0.0,120.0
Kiavi,0.0,0.0,39.0,0.0,0.0,39.0
Kickstarter,25.0,0.0,0.0,0.0,0.0,25.0
Kinaxis,0.0,0.0,0.0,0.0,0.0,0.0
Kinde,0.0,0.0,0.0,8.0,0.0,8.0
Kissflow,0.0,0.0,0.0,0.0,45.0,45.0
Kitopi,0.0,0.0,93.0,0.0,0.0,93.0
Kitty Hawk,0.0,0.0,100.0,0.0,0.0,100.0
Kiwi.com,0.0,0.0,0.0,0.0,216.0,216.0
Klarna,0.0,0.0,700.0,0.0,0.0,700.0
Klook,300.0,0.0,0.0,0.0,0.0,300.0
Knock,0.0,0.0,115.0,0.0,0.0,115.0
Knotel,147.0,0.0,0.0,0.0,0.0,147.0
KnownOrigin,0.0,0.0,0.0,0.0,0.0,0.0
Kodiak Robotics,15.0,0.0,0.0,0.0,0.0,15.0
Koho,0.0,0.0,15.0,0.0,0.0,15.0
KoinWorks,0.0,0.0,70.0,0.0,0.0,70.0
Komodo Health,23.0,0.0,78.0,0.0,0.0,101.0
Kontist,0.0,0.0,50.0,0.0,0.0,50.0
Koo,0.0,0.0,0.0,78.0,0.0,78.0
Kraken,0.0,0.0,1100.0,0.0,0.0,1100.0
Kry,0.0,0.0,400.0,0.0,0.0,400.0
Kuda,0.0,0.0,23.0,0.0,0.0,23.0
Kueski,90.0,0.0,0.0,0.0,0.0,90.0
Kwalee,0.0,0.0,0.0,0.0,40.0,40.0
LEAD,0.0,0.0,80.0,0.0,0.0,80.0
Lacework,0.0,0.0,300.0,0.0,0.0,300.0
Ladder Life,13.0,0.0,0.0,0.0,0.0,13.0
Ladenzeile,0.0,0.0,0.0,0.0,0.0,0.0
Lastline,50.0,0.0,0.0,0.0,0.0,50.0
Latch,0.0,0.0,275.0,0.0,0.0,275.0
Lattice,16.0,0.0,0.0,105.0,0.0,121.0
Lawgeex,0.0,0.0,30.0,0.0,0.0,30.0
Lazada Group,0.0,0.0,0.0,0.0,100.0,100.0
LeafLink,0.0,0.0,80.0,0.0,0.0,80.0
Leafly,91.0,0.0,56.0,40.0,0.0,187.0
LearnUpon,0.0,0.0,0.0,27.0,0.0,27.0
Ledger Investing,0.0,0.0,0.0,0.0,0.0,0.0
LegalZoom,0.0,0.0,0.0,0.0,0.0,0.0
Legible,0.0,0.0,23.0,0.0,0.0,23.0
Lemon,0.0,0.0,100.0,0.0,0.0,100.0
Lemonade,0.0,0.0,0.0,45.0,0.0,45.0
Lending Club,460.0,0.0,0.0,397.0,0.0,857.0
Lendingkart,500.0,0.0,0.0,0.0,0.0,500.0
Lendio,0.0,0.0,0.0,0.0,0.0,0.0
Lendis,0.0,0.0,18.0,0.0,0.0,18.0
Lentra,0.0,0.0,0.0,0.0,0.0,0.0
Lev,0.0,0.0,30.0,0.0,0.0,30.0
Lever,86.0,0.0,0.0,0.0,0.0,86.0
Lex,0.0,0.0,0.0,0.0,0.0,0.0
Licious,0.0,0.0,0.0,0.0,80.0,80.0
Liftoff,0.0,0.0,130.0,0.0,0.0,130.0
Lighter Capital,40.0,0.0,0.0,0.0,0.0,40.0
Lightico,0.0,0.0,0.0,20.0,0.0,20.0
Lightricks,0.0,0.0,80.0,0.0,70.0,150.0
Lightspeed Commerce,0.0,0.0,0.0,0.0,280.0,280.0
Lightspeed Company,0.0,0.0,0.0,300.0,0.0,300.0
Lime,80.0,0.0,0.0,0.0,0.0,80.0
LinkedIn,960.0,0.0,0.0,1376.0,0.0,2336.0
Linkfire,0.0,0.0,35.0,0.0,0.0,35.0
Linktree,0.0,0.0,50.0,60.0,0.0,110.0
Lionbridge,0.0,0.0,0.0,0.0,160.0,160.0
Lithic,0.0,0.0,27.0,0.0,0.0,27.0
Liv Up,0.0,0.0,100.0,0.0,0.0,100.0
LivePerson,0.0,0.0,193.0,0.0,0.0,193.0
LiveVox,0.0,0.0,0.0,0.0,0.0,0.0
Livspace,450.0,0.0,0.0,100.0,0.0,550.0
Localize,0.0,0.0,0.0,0.0,0.0,0.0
Loco,0.0,0.0,0.0,40.0,0.0,40.0
Loft,47.0,0.0,696.0,340.0,0.0,1083.0
Loftium,32.0,0.0,0.0,0.0,0.0,32.0
Loftsmart,25.0,0.0,0.0,0.0,0.0,25.0
Loggi,0.0,0.0,500.0,300.0,0.0,800.0
Lokalise,0.0,0.0,76.0,0.0,0.0,76.0
Longi,0.0,0.0,0.0,0.0,0.0,0.0
Loom,0.0,0.0,57.0,0.0,0.0,57.0
Loop,0.0,0.0,15.0,19.0,23.0,57.0
LoopMe,8.0,0.0,0.0,0.0,0.0,8.0
Loopio,11.0,0.0,0.0,0.0,0.0,11.0
Lucid Motors,0.0,0.0,0.0,1300.0,400.0,1700.0
Lucid Software,0.0,0.0,0.0,75.0,0.0,75.0
Luminar,0.0,0.0,0.0,0.0,147.0,147.0
Lunchbox,0.0,0.0,60.0,0.0,0.0,60.0
Luno,0.0,0.0,0.0,330.0,0.0,330.0
Lusha,0.0,0.0,30.0,0.0,0.0,30.0
Lyft,982.0,0.0,760.0,1072.0,30.0,2844.0
Lyst,0.0,0.0,50.0,0.0,0.0,50.0
MFine,0.0,0.0,600.0,0.0,0.0,600.0
MVPindex,0.0,0.0,0.0,0.0,12.0,12.0
MadeiraMadeira,0.0,0.0,60.0,0.0,0.0,60.0
Magic Leap,1000.0,0.0,0.0,0.0,75.0,1075.0
Mainstreet,0.0,0.0,45.0,0.0,0.0,45.0
Mainvest,0.0,0.0,0.0,0.0,0.0,0.0
MakeMyTrip,350.0,0.0,0.0,0.0,0.0,350.0
Malwarebytes,0.0,0.0,125.0,0.0,0.0,125.0
ManoMano,0.0,0.0,0.0,230.0,0.0,230.0
MariaDB,0.0,0.0,0.0,84.0,0.0,84.0
Marketforce,0.0,0.0,54.0,0.0,0.0,54.0
MasterClass,0.0,0.0,120.0,0.0,0.0,120.0
Match Group,0.0,0.0,0.0,0.0,0.0,0.0
Matrixport,0.0,0.0,0.0,29.0,0.0,29.0
Matter Labs,0.0,0.0,0.0,0.0,0.0,0.0
Matterport,90.0,0.0,0.0,170.0,0.0,260.0
Maven,31.0,0.0,0.0,0.0,0.0,31.0
May Mobility,0.0,0.0,0.0,0.0,0.0,0.0
McKinsey & Co,0.0,0.0,0.0,0.0,360.0,360.0
Meati,0.0,0.0,0.0,0.0,0.0,0.0
MediBuddy,0.0,0.0,0.0,200.0,0.0,200.0
MediaMath,53.0,0.0,0.0,0.0,0.0,53.0
Medtronic,0.0,0.0,0.0,0.0,0.0,0.0
Meero,0.0,0.0,350.0,0.0,0.0,350.0
Meesho,200.0,0.0,0.0,251.0,0.0,451.0
Meetup,0.0,0.0,0.0,0.0,0.0,0.0
Megaport,0.0,0.0,0.0,50.0,0.0,50.0
Mejuri,36.0,0.0,50.0,0.0,0.0,86.0
Melio,0.0,0.0,0.0,0.0,40.0,40.0
Mercari U.S.,0.0,0.0,0.0,0.0,0.0,0.0
Mercos,51.0,0.0,0.0,0.0,0.0,51.0
MeridianLink,0.0,0.0,0.0,0.0,0.0,0.0
MessageBird,0.0,0.0,0.0,0.0,90.0,90.0
Meta,0.0,0.0,11000.0,10000.0,50.0,21050.0
Metigy,0.0,0.0,75.0,0.0,0.0,75.0
Metromile,100.0,0.0,60.0,0.0,0.0,160.0
MiSan Francisco Bay Areaits Market,0.0,0.0,0.0,649.0,0.0,649.0
Micron,0.0,0.0,0.0,7200.0,0.0,7200.0
Microsoft,0.0,0.0,0.0,10000.0,6550.0,16550.0
Mighty Kingdom,0.0,0.0,0.0,0.0,0.0,0.0
Milkbasket,0.0,0.0,0.0,400.0,0.0,400.0
Milkrun,0.0,0.0,0.0,400.0,0.0,400.0
MindBody,700.0,0.0,400.0,0.0,0.0,1100.0
Minted,147.0,0.0,0.0,0.0,0.0,147.0
Minute Media,0.0,0.0,0.0,50.0,0.0,50.0
Miro,0.0,0.0,0.0,119.0,0.0,119.0
Mister Spex,0.0,0.0,0.0,0.0,0.0,0.0
Mixpanel,65.0,0.0,0.0,0.0,0.0,65.0
Mobile Premier League,0.0,0.0,100.0,0.0,0.0,100.0
Mobileye,0.0,0.0,0.0,0.0,100.0,100.0
Mobius Motors,0.0,0.0,0.0,0.0,0.0,0.0
Moglix,0.0,0.0,0.0,40.0,0.0,40.0
Mogo,78.0,0.0,0.0,0.0,0.0,78.0
Mojocare,0.0,0.0,0.0,170.0,0.0,170.0
Moladin,0.0,0.0,0.0,360.0,0.0,360.0
Momentive,0.0,0.0,180.0,0.0,0.0,180.0
Monzo,120.0,0.0,0.0,0.0,0.0,120.0
MoonPay,0.0,0.0,0.0,0.0,30.0,30.0
Moov,0.0,0.0,0.0,0.0,50.0,50.0
Moovit,0.0,0.0,0.0,0.0,43.0,43.0
Morning Consult,0.0,0.0,0.0,0.0,0.0,0.0
Moss,0.0,0.0,70.0,0.0,0.0,70.0
Motif Foodworks,0.0,0.0,0.0,0.0,0.0,0.0
Motional,0.0,0.0,0.0,0.0,550.0,550.0
Motive,0.0,0.0,237.0,0.0,0.0,237.0
Movidesk,33.0,0.0,0.0,0.0,0.0,33.0
MoxiWorks,0.0,0.0,0.0,0.0,0.0,0.0
Moxion Power,0.0,0.0,0.0,0.0,450.0,450.0
Mozilla,250.0,0.0,0.0,0.0,60.0,310.0
Mural,0.0,0.0,90.0,0.0,0.0,90.0
Muvin,0.0,0.0,0.0,0.0,0.0,0.0
Mux,0.0,0.0,40.0,40.0,0.0,80.0
MyGate,0.0,0.0,0.0,200.0,0.0,200.0
N26,9.0,0.0,0.0,71.0,0.0,80.0
NS8,240.0,0.0,0.0,0.0,0.0,240.0
NSO,0.0,0.0,100.0,0.0,0.0,100.0
NYDIG,0.0,0.0,110.0,0.0,0.0,110.0
Namely,110.0,0.0,0.0,0.0,0.0,110.0
Namogoo,0.0,0.0,25.0,20.0,0.0,45.0
NanoString Technology,0.0,0.0,0.0,0.0,50.0,50.0
Nate,0.0,0.0,30.0,0.0,0.0,30.0
Navan,0.0,0.0,0.0,145.0,0.0,145.0
Navi,40.0,0.0,0.0,0.0,0.0,40.0
Neon,70.0,0.0,0.0,210.0,0.0,280.0
NerdWallet,0.0,0.0,0.0,0.0,0.0,0.0
Netflix,0.0,0.0,450.0,0.0,0.0,450.0
Netlify,0.0,0.0,48.0,0.0,0.0,48.0
Nevro,0.0,0.0,0.0,0.0,63.0,63.0
New Relic,0.0,160.0,110.0,255.0,0.0,525.0
New Work SE,0.0,0.0,0.0,0.0,400.0,400.0
Nexar,0.0,0.0,0.0,17.0,0.0,17.0
Next Insurance,0.0,0.0,150.0,0.0,0.0,150.0
Niantic,0.0,0.0,85.0,0.0,0.0,85.0
Niche,0.0,0.0,0.0,0.0,24.0,24.0
Ninja Van,0.0,0.0,0.0,0.0,21.0,21.0
Nomad Health,0.0,0.0,0.0,119.0,0.0,119.0
Noom,0.0,0.0,500.0,0.0,0.0,500.0
Nori,0.0,0.0,0.0,10.0,0.0,10.0
Northvolt,0.0,0.0,0.0,0.0,1600.0,1600.0
Notable Labs,0.0,0.0,0.0,0.0,0.0,0.0
Notarize,0.0,0.0,110.0,0.0,0.0,110.0
NuScale Power,0.0,0.0,0.0,0.0,154.0,154.0
Numbrs,62.0,0.0,0.0,0.0,0.0,62.0
NuoDB,20.0,0.0,0.0,0.0,0.0,20.0
Nuri,0.0,0.0,45.0,0.0,0.0,45.0
Nuro,0.0,0.0,300.0,340.0,0.0,640.0
Nutanix,0.0,0.0,270.0,0.0,0.0,270.0
Nylas,0.0,0.0,80.0,0.0,0.0,80.0
ON,0.0,0.0,0.0,0.0,60.0,60.0
Ocavu,0.0,0.0,20.0,0.0,0.0,20.0
Octopus Ventures,0.0,0.0,0.0,0.0,8.0,8.0
Oda,0.0,0.0,70.0,0.0,150.0,220.0
Okta,0.0,0.0,0.0,300.0,400.0,700.0
Ola,1400.0,0.0,0.0,0.0,180.0,1580.0
Olive AI,0.0,0.0,450.0,215.0,0.0,665.0
Olo,0.0,0.0,0.0,81.0,0.0,81.0
Omie,136.0,0.0,0.0,0.0,0.0,136.0
Omuni,0.0,0.0,0.0,60.0,0.0,60.0
On Deck,0.0,0.0,145.0,0.0,0.0,145.0
OneFootball,0.0,0.0,62.0,150.0,0.0,212.0
OneTrust,150.0,0.0,950.0,0.0,0.0,1100.0
OneWeb,451.0,0.0,0.0,0.0,0.0,451.0
OpenText,0.0,0.0,0.0,0.0,1200.0,1200.0
OpenWeb,0.0,0.0,14.0,0.0,0.0,14.0
OpenX,35.0,0.0,0.0,0.0,0.0,35.0
Opencare,18.0,0.0,0.0,0.0,0.0,18.0
Opendoor,600.0,0.0,550.0,560.0,0.0,1710.0
Openpay,0.0,0.0,0.0,83.0,0.0,83.0
Oportun,0.0,0.0,0.0,155.0,0.0,155.0
Optimizely,60.0,0.0,0.0,0.0,0.0,60.0
OrCam,0.0,0.0,62.0,0.0,100.0,162.0
Orbotech,0.0,0.0,0.0,0.0,100.0,100.0
Orca Security,0.0,0.0,0.0,0.0,60.0,60.0
Oriente,400.0,0.0,0.0,0.0,0.0,400.0
Oscar Health,70.0,0.0,0.0,0.0,0.0,70.0
Osso VR,0.0,0.0,0.0,0.0,67.0,67.0
Otonomo,0.0,0.0,80.0,0.0,0.0,80.0
Otovo,0.0,0.0,0.0,0.0,65.0,65.0
Our Next Energy,0.0,0.0,0.0,128.0,40.0,168.0
OutSystems,0.0,0.0,0.0,0.0,150.0,150.0
OutboundEngine,52.0,0.0,0.0,0.0,0.0,52.0
Outbrain,0.0,0.0,38.0,90.0,0.0,128.0
Outreach,0.0,0.0,60.0,70.0,0.0,130.0
Outschool,0.0,0.0,74.0,0.0,0.0,74.0
Outside,0.0,0.0,87.0,0.0,0.0,87.0
Overtime,30.0,0.0,0.0,0.0,0.0,30.0
OwnBackup,0.0,0.0,170.0,0.0,0.0,170.0
Oye Rickshaw,0.0,0.0,40.0,0.0,0.0,40.0
Pacaso,0.0,0.0,100.0,0.0,0.0,100.0
Packable,0.0,0.0,138.0,0.0,0.0,138.0
PacketFabric,0.0,0.0,0.0,0.0,0.0,0.0
Pagaya,0.0,0.0,0.0,140.0,100.0,240.0
PaisaBazaar,1500.0,0.0,0.0,0.0,0.0,1500.0
Palantir,0.0,0.0,0.0,75.0,0.0,75.0
Palmetto Clean Technology,0.0,0.0,0.0,0.0,0.0,0.0
Panda Squad,6.0,0.0,0.0,0.0,0.0,6.0
Paper,0.0,0.0,0.0,274.0,81.0,355.0
Parler,0.0,0.0,0.0,60.0,0.0,60.0
Parsable,40.0,0.0,0.0,0.0,0.0,40.0
PartnerStack,0.0,0.0,0.0,40.0,0.0,40.0
PatientPop,100.0,0.0,0.0,0.0,0.0,100.0
Patreon,30.0,0.0,80.0,0.0,0.0,110.0
Pavilion Data,0.0,0.0,96.0,0.0,0.0,96.0
Pax8,0.0,0.0,0.0,0.0,0.0,0.0
Paxos,0.0,0.0,0.0,0.0,65.0,65.0
PayFit,0.0,0.0,0.0,200.0,0.0,200.0
PayJoy,27.0,0.0,0.0,0.0,0.0,27.0
PayPal,0.0,0.0,0.0,2000.0,2670.0,4670.0
PayScale,0.0,0.0,0.0,14.0,0.0,14.0
Paytm,0.0,0.0,0.0,0.0,4500.0,4500.0
Pear Therapeutics,0.0,0.0,84.0,170.0,0.0,254.0
Pecan AI,0.0,0.0,0.0,30.0,0.0,30.0
PeerStreet,51.0,0.0,0.0,0.0,0.0,51.0
Peerspace,41.0,0.0,0.0,0.0,0.0,41.0
Peloton,0.0,0.0,4084.0,0.0,400.0,4484.0
Pendo,0.0,0.0,45.0,100.0,0.0,145.0
People.ai,30.0,0.0,0.0,0.0,0.0,30.0
Perfect Day,0.0,0.0,0.0,134.0,0.0,134.0
Perimeter 81,0.0,0.0,20.0,0.0,0.0,20.0
Perion,0.0,0.0,20.0,0.0,70.0,90.0
PerkSpot,10.0,0.0,0.0,0.0,0.0,10.0
Permutive,0.0,0.0,30.0,80.0,0.0,110.0
Personetics,0.0,0.0,0.0,30.0,0.0,30.0
Personio,0.0,0.0,0.0,0.0,100.0,100.0
Phantom Auto,0.0,0.0,0.0,0.0,100.0,100.0
Phoenix Labs,0.0,0.0,0.0,0.0,100.0,100.0
Phononic,0.0,0.0,0.0,0.0,50.0,50.0
Physics Wallah,0.0,0.0,0.0,120.0,0.0,120.0
PickYourTrail,70.0,0.0,0.0,0.0,0.0,70.0
Pico Interactive,0.0,0.0,0.0,400.0,0.0,400.0
Picsart,0.0,0.0,90.0,0.0,0.0,90.0
Pie Insurance,0.0,0.0,0.0,63.0,0.0,63.0
Pier,0.0,0.0,0.0,111.0,0.0,111.0
Pilot,0.0,0.0,0.0,45.0,0.0,45.0
Pipedrive,0.0,0.0,143.0,0.0,0.0,143.0
Pipl,0.0,0.0,22.0,0.0,0.0,22.0
Pitch,0.0,0.0,59.0,0.0,80.0,139.0
Plaid,0.0,0.0,260.0,0.0,0.0,260.0
Planet,0.0,0.0,0.0,117.0,360.0,477.0
PlanetScale,0.0,0.0,0.0,0.0,0.0,0.0
Planetly,0.0,0.0,200.0,0.0,0.0,200.0
Plato,0.0,0.0,29.0,0.0,0.0,29.0
Playdots,0.0,0.0,65.0,0.0,0.0,65.0
Playtika,0.0,0.0,0.0,0.0,300.0,300.0
Pleo,0.0,0.0,150.0,0.0,0.0,150.0
Plex,0.0,0.0,0.0,37.0,0.0,37.0
Pliops,0.0,0.0,12.0,0.0,0.0,12.0
Plum,0.0,0.0,36.0,0.0,0.0,36.0
Pluralsight,0.0,0.0,400.0,0.0,0.0,400.0
Pocket Aces,0.0,0.0,0.0,50.0,0.0,50.0
Pocket FM,0.0,0.0,0.0,0.0,200.0,200.0
Pocketmath,0.0,21.0,0.0,0.0,0.0,21.0
Point,0.0,0.0,0.0,61.0,0.0,61.0
PolicyGenius,0.0,0.0,170.0,0.0,0.0,170.0
Pollen,69.0,0.0,200.0,0.0,0.0,269.0
Polly,0.0,0.0,47.0,0.0,0.0,47.0
Polygon,0.0,0.0,0.0,100.0,60.0,160.0
Pomelo Fashion,0.0,0.0,55.0,0.0,0.0,55.0
Popcore,0.0,0.0,0.0,0.0,0.0,0.0
Post.,0.0,0.0,0.0,0.0,0.0,0.0
Postmates,0.0,180.0,0.0,0.0,0.0,180.0
PrepLadder,0.0,0.0,0.0,0.0,145.0,145.0
Preply,0.0,0.0,26.0,0.0,0.0,26.0
Priceline,0.0,0.0,0.0,0.0,206.0,206.0
Primer,0.0,0.0,85.0,0.0,0.0,85.0
Pristyn Care,0.0,0.0,0.0,300.0,120.0,420.0
Procore,180.0,0.0,0.0,0.0,0.0,180.0
Productboard,0.0,0.0,0.0,0.0,0.0,0.0
Project Ronin,0.0,0.0,0.0,0.0,150.0,150.0
Project44,0.0,0.0,63.0,130.0,0.0,193.0
Proofpoint,0.0,0.0,0.0,0.0,280.0,280.0
PropertyGuru,0.0,0.0,0.0,0.0,79.0,79.0
Protocol Labs,0.0,0.0,0.0,89.0,0.0,89.0
Puppet,50.0,0.0,0.0,0.0,0.0,50.0
Pure Storage,0.0,0.0,0.0,0.0,275.0,275.0
Q4,0.0,0.0,50.0,0.0,0.0,50.0
Qualtrics,0.0,0.0,0.0,1050.0,0.0,1050.0
Quandoo,0.0,87.0,0.0,0.0,0.0,87.0
Quantcast,30.0,0.0,40.0,0.0,0.0,70.0
Quanterix,0.0,0.0,130.0,0.0,0.0,130.0
Quanto,0.0,0.0,28.0,0.0,0.0,28.0
Quidax,0.0,0.0,20.0,0.0,0.0,20.0
QuintoAndar,88.0,0.0,160.0,0.0,0.0,248.0
Quizac,0.0,0.0,0.0,0.0,0.0,0.0
Qumulo,0.0,0.0,80.0,0.0,0.0,80.0
REE Automotive,0.0,0.0,0.0,31.0,0.0,31.0
Rad Power Bikes,0.0,0.0,163.0,0.0,0.0,163.0
Ranger Insurance,0.0,0.0,0.0,0.0,0.0,0.0
Rapid,0.0,0.0,0.0,185.0,0.0,185.0
Rapid7,0.0,0.0,0.0,470.0,0.0,470.0
Rapyd,0.0,0.0,0.0,0.0,60.0,60.0
Rasa,0.0,0.0,59.0,0.0,0.0,59.0
Ready Robotics,0.0,0.0,0.0,0.0,0.0,0.0
RealPage,0.0,0.0,0.0,0.0,280.0,280.0
RealSelf,40.0,0.0,11.0,0.0,0.0,51.0
Reali,0.0,0.0,140.0,0.0,0.0,140.0
Received,0.0,0.0,0.0,0.0,0.0,0.0
Recharge,0.0,0.0,84.0,0.0,0.0,84.0
Redbox,0.0,0.0,0.0,0.0,1000.0,1000.0
Redbubble,0.0,0.0,0.0,70.0,0.0,70.0
Reddit,0.0,0.0,0.0,90.0,0.0,90.0
Redesign Health,0.0,0.0,67.0,0.0,77.0,144.0
Redfin,236.0,0.0,1332.0,201.0,82.0,1851.0
Redox,44.0,0.0,0.0,0.0,0.0,44.0
Reef,0.0,0.0,750.0,0.0,0.0,750.0
Regrow Ag,0.0,0.0,0.0,0.0,0.0,0.0
Relativity,0.0,0.0,150.0,0.0,0.0,150.0
Remote,0.0,0.0,100.0,0.0,0.0,100.0
Remote Year,50.0,0.0,0.0,0.0,0.0,50.0
RenoRun,0.0,0.0,280.0,0.0,0.0,280.0
Rent the Runway,0.0,0.0,0.0,0.0,37.0,37.0
Repertoire Immunity,0.0,0.0,65.0,0.0,0.0,65.0
Replit,0.0,0.0,0.0,0.0,30.0,30.0
ResearchGate,0.0,0.0,25.0,0.0,0.0,25.0
ReshaMandi,0.0,0.0,0.0,0.0,0.0,0.0
Retention.com,0.0,0.0,0.0,0.0,15.0,15.0
Revel,0.0,0.0,0.0,0.0,1000.0,1000.0
Revelate,0.0,0.0,24.0,0.0,0.0,24.0
Reverb,0.0,0.0,0.0,0.0,40.0,40.0
Revolut,60.0,0.0,0.0,0.0,0.0,60.0
Rezi,0.0,0.0,0.0,0.0,0.0,0.0
Rhino,0.0,0.0,57.0,0.0,0.0,57.0
Rhumbix,16.0,0.0,0.0,0.0,0.0,16.0
Ribbon,0.0,0.0,170.0,0.0,0.0,170.0
Ridecell,35.0,0.0,0.0,0.0,0.0,35.0
RigUp,120.0,0.0,0.0,0.0,0.0,120.0
Riot Gaming,0.0,0.0,0.0,0.0,530.0,530.0
RiseUp,0.0,0.0,0.0,0.0,50.0,50.0
Riskified,0.0,0.0,0.0,0.0,40.0,40.0
Ritual,196.0,0.0,23.0,38.0,0.0,257.0
Rivian,40.0,0.0,840.0,0.0,270.0,1150.0
Robinhood,0.0,0.0,1053.0,150.0,0.0,1203.0
Rock Content,100.0,0.0,0.0,0.0,0.0,100.0
Roku,0.0,0.0,200.0,560.0,0.0,760.0
Root Insurance,0.0,0.0,137.0,0.0,0.0,137.0
Rover,194.0,0.0,0.0,0.0,0.0,194.0
Rows,0.0,0.0,18.0,0.0,0.0,18.0
Rubicon Project,50.0,0.0,0.0,0.0,0.0,50.0
Rubius,0.0,0.0,160.0,0.0,0.0,160.0
Running Tide,0.0,0.0,0.0,0.0,0.0,0.0
Runtastic,0.0,0.0,0.0,0.0,170.0,170.0
Rupeek,0.0,0.0,180.0,0.0,0.0,180.0
SAP,0.0,0.0,0.0,3000.0,8000.0,11000.0
SCiFi Foods,0.0,0.0,0.0,0.0,0.0,0.0
SEND,0.0,0.0,300.0,0.0,0.0,300.0
SIRCLO,0.0,0.0,160.0,0.0,0.0,160.0
SQream,0.0,0.0,30.0,0.0,0.0,30.0
SWVL,0.0,0.0,400.0,0.0,0.0,400.0
Sabre,0.0,0.0,0.0,1100.0,0.0,1100.0
SadaPay,0.0,0.0,0.0,0.0,0.0,0.0
SafeGraph,0.0,0.0,27.0,0.0,0.0,27.0
Sage Therapeutics,340.0,0.0,0.0,0.0,0.0,340.0
Saks.com,0.0,0.0,0.0,100.0,0.0,100.0
SaleSan Francisco Bay Areaorce,1000.0,0.0,1000.0,8000.0,0.0,10000.0
Salesforce,0.0,0.0,0.0,0.0,1000.0,1000.0
Salesloft,0.0,0.0,0.0,100.0,0.0,100.0
Salsify,60.0,0.0,90.0,0.0,0.0,150.0
Sami,0.0,0.0,75.0,0.0,0.0,75.0
Sampler,0.0,0.0,0.0,0.0,0.0,0.0
Samsara,300.0,0.0,0.0,0.0,0.0,300.0
Sana Benefits,0.0,0.0,0.0,73.0,0.0,73.0
Sanar,0.0,0.0,60.0,0.0,0.0,60.0
Sandbox VR,80.0,0.0,0.0,0.0,0.0,80.0
Sandvine,0.0,0.0,0.0,0.0,0.0,0.0
Sarcos,0.0,0.0,0.0,75.0,0.0,75.0
Satellogic,0.0,0.0,0.0,0.0,104.0,104.0
Sauce Labs,30.0,0.0,0.0,0.0,0.0,30.0
ScaleFactor,90.0,0.0,0.0,0.0,0.0,90.0
Scaler,0.0,0.0,0.0,0.0,150.0,150.0
SchoolMint,0.0,0.0,0.0,29.0,0.0,29.0
Scoop,92.0,0.0,0.0,0.0,0.0,92.0
SecureWorks,0.0,0.0,0.0,512.0,0.0,512.0
Seedr,0.0,0.0,0.0,0.0,15.0,15.0
SeekOut,0.0,0.0,0.0,0.0,0.0,0.0
Segment,50.0,0.0,0.0,0.0,0.0,50.0
Sema4,0.0,0.0,250.0,0.0,0.0,250.0
Sendle,0.0,0.0,27.0,0.0,0.0,27.0
Sendy,0.0,0.0,84.0,0.0,0.0,84.0
Sensibill,17.0,0.0,0.0,0.0,0.0,17.0
ServiceTitan,0.0,0.0,0.0,221.0,0.0,221.0
Shakepay,0.0,0.0,0.0,21.0,0.0,21.0
ShareChat,101.0,0.0,0.0,700.0,30.0,831.0
Shippo,0.0,0.0,60.0,0.0,0.0,60.0
Shipsi,20.0,0.0,0.0,0.0,0.0,20.0
Shogun,0.0,0.0,48.0,0.0,0.0,48.0
Shop101,200.0,0.0,0.0,0.0,0.0,200.0
ShopBack,0.0,0.0,0.0,0.0,195.0,195.0
Shopify,0.0,0.0,1000.0,2300.0,0.0,3300.0
Showpad,52.0,0.0,0.0,0.0,50.0,102.0
SiFive,0.0,0.0,0.0,130.0,0.0,130.0
Sidecar Health,0.0,0.0,110.0,0.0,0.0,110.0
Sight Diagnostics,0.0,0.0,0.0,0.0,40.0,40.0
Sightful,0.0,0.0,0.0,0.0,20.0,20.0
Silo,0.0,0.0,0.0,0.0,0.0,0.0
Similarweb,0.0,0.0,120.0,60.0,0.0,180.0
Simpl,0.0,0.0,0.0,150.0,130.0,280.0
Simple Feast,0.0,0.0,150.0,0.0,0.0,150.0
Singularity 6,0.0,0.0,0.0,0.0,85.0,85.0
SirionLabs,0.0,0.0,0.0,130.0,0.0,130.0
SiriusXM,0.0,0.0,0.0,475.0,160.0,635.0
Sirplus,0.0,0.0,0.0,0.0,60.0,60.0
Sisense,80.0,0.0,0.0,100.0,60.0,240.0
Skai,0.0,0.0,30.0,0.0,0.0,30.0
Skedulo,0.0,0.0,31.0,0.0,0.0,31.0
Skillz,0.0,0.0,70.0,0.0,0.0,70.0
Skip the Dishes,0.0,0.0,0.0,0.0,800.0,800.0
Skyscanner,300.0,0.0,0.0,0.0,0.0,300.0
Slite,0.0,0.0,0.0,10.0,0.0,10.0
Small Robot Computer,0.0,0.0,0.0,0.0,0.0,0.0
Smallcase,0.0,0.0,0.0,15.0,0.0,15.0
SmartNews,0.0,0.0,0.0,120.0,0.0,120.0
Smartsheet,0.0,0.0,0.0,85.0,0.0,85.0
Smava,0.0,0.0,200.0,0.0,0.0,200.0
SmileDirectClub,0.0,0.0,0.0,0.0,0.0,0.0
Snap,0.0,0.0,1280.0,0.0,500.0,1780.0
Snappy,0.0,0.0,0.0,100.0,0.0,100.0
Snyk,0.0,0.0,198.0,0.0,0.0,198.0
SoFi,112.0,0.0,0.0,0.0,0.0,112.0
Socure,0.0,0.0,69.0,104.0,0.0,173.0
Software AG,0.0,0.0,0.0,200.0,0.0,200.0
Sojern,300.0,0.0,0.0,0.0,0.0,300.0
SolarEdge,0.0,0.0,0.0,0.0,1300.0,1300.0
Solarisbank,0.0,0.0,0.0,0.0,20.0,20.0
Soluto,0.0,0.0,120.0,0.0,0.0,120.0
Sonatype,0.0,0.0,0.0,100.0,0.0,100.0
Sonder,400.0,0.0,250.0,100.0,106.0,856.0
SonderMind,0.0,0.0,0.0,0.0,49.0,49.0
Sonos,174.0,0.0,0.0,130.0,100.0,404.0
Sony Interactive,0.0,0.0,0.0,0.0,900.0,900.0
Sophos,0.0,0.0,0.0,450.0,0.0,450.0
Sorare,0.0,0.0,0.0,0.0,22.0,22.0
SoundHound,0.0,0.0,45.0,200.0,0.0,245.0
Sourcegraph,0.0,0.0,24.0,0.0,0.0,24.0
Spin,0.0,0.0,78.0,0.0,0.0,78.0
Spinny,0.0,0.0,0.0,300.0,0.0,300.0
Splunk,70.0,0.0,0.0,825.0,0.0,895.0
SpotHero,40.0,0.0,0.0,0.0,0.0,40.0
Spotify,0.0,0.0,0.0,2300.0,40.0,2340.0
Springbig,0.0,0.0,37.0,0.0,0.0,37.0
Sprinklr,0.0,0.0,0.0,100.0,116.0,216.0
Sproutt,0.0,0.0,0.0,0.0,0.0,0.0
Spyce,4.0,0.0,0.0,0.0,0.0,4.0
Stability AI,0.0,0.0,0.0,0.0,20.0,20.0
Stack Overflow,40.0,0.0,0.0,58.0,0.0,98.0
Stackpath,0.0,0.0,0.0,0.0,0.0,0.0
Starry,0.0,0.0,0.0,100.0,0.0,100.0
Stash,0.0,0.0,32.0,40.0,80.0,152.0
Stash Financial,0.0,0.0,40.0,0.0,0.0,40.0
Stashaway,0.0,0.0,31.0,0.0,0.0,31.0
Stay Alfred,221.0,0.0,0.0,0.0,0.0,221.0
Stedi,0.0,0.0,23.0,0.0,0.0,23.0
Stellar Pizza,0.0,0.0,0.0,0.0,0.0,0.0
StellarAlgo,0.0,0.0,0.0,21.0,0.0,21.0
Stitch Fix,1400.0,0.0,330.0,0.0,0.0,1730.0
StockX,100.0,0.0,120.0,0.0,0.0,220.0
Stord,0.0,0.0,59.0,0.0,0.0,59.0
Storytel,0.0,0.0,100.0,0.0,160.0,260.0
Strake,0.0,0.0,0.0,0.0,0.0,0.0
Stream,0.0,0.0,20.0,0.0,0.0,20.0
StreamElements,0.0,0.0,0.0,100.0,0.0,100.0
Stripe,0.0,0.0,1000.0,0.0,0.0,1000.0
Studio,0.0,0.0,33.0,0.0,0.0,33.0
Stytch,0.0,0.0,0.0,19.0,0.0,19.0
Submittable,30.0,0.0,0.0,0.0,0.0,30.0
Substack,0.0,0.0,13.0,0.0,0.0,13.0
SumUp,0.0,0.0,100.0,0.0,0.0,100.0
SummerBio,0.0,0.0,101.0,0.0,0.0,101.0
Sumo Group,0.0,0.0,0.0,0.0,0.0,0.0
SunPower,0.0,0.0,0.0,0.0,1000.0,1000.0
Sunday,0.0,0.0,90.0,0.0,0.0,90.0
SundaySky,0.0,0.0,24.0,0.0,0.0,24.0
Sunfolding,0.0,0.0,0.0,0.0,0.0,0.0
Superhuman,0.0,0.0,23.0,0.0,0.0,23.0
Superpedestrian,0.0,0.0,35.0,0.0,0.0,35.0
Swappie,0.0,0.0,250.0,0.0,0.0,250.0
Sweetgreen,35.0,0.0,0.0,0.0,0.0,35.0
Swiggy,2250.0,0.0,250.0,380.0,400.0,3280.0
Swyft,0.0,0.0,10.0,0.0,0.0,10.0
Symend,0.0,0.0,0.0,50.0,0.0,50.0
Synapse,0.0,0.0,0.0,86.0,0.0,86.0
SynapseFI,63.0,0.0,0.0,0.0,0.0,63.0
Synapsica,0.0,0.0,30.0,0.0,0.0,30.0
Synctera,0.0,0.0,0.0,0.0,17.0,17.0
Synergysuite,5.0,0.0,0.0,0.0,0.0,5.0
Synthego,0.0,0.0,105.0,0.0,0.0,105.0
Syte,0.0,0.0,13.0,0.0,0.0,13.0
TCR2,0.0,0.0,30.0,0.0,0.0,30.0
TIFIN,0.0,0.0,24.0,0.0,0.0,24.0
TRM Labs,0.0,0.0,0.0,16.0,0.0,16.0
Taboola,0.0,0.0,100.0,0.0,0.0,100.0
Tails.com,0.0,0.0,0.0,0.0,55.0,55.0
Take-Two,0.0,0.0,0.0,0.0,600.0,600.0
Take-Two Interactive,0.0,0.0,0.0,0.0,70.0,70.0
Talent.com,0.0,0.0,0.0,86.0,0.0,86.0
Tally,28.0,0.0,0.0,0.0,0.0,28.0
Tamara Mellon,20.0,0.0,0.0,0.0,0.0,20.0
TaxBit,0.0,0.0,0.0,80.0,0.0,80.0
Taxfix,0.0,0.0,0.0,120.0,0.0,120.0
Teachmint,0.0,0.0,45.0,0.0,0.0,45.0
TealBook,0.0,0.0,34.0,0.0,0.0,34.0
Teampay,0.0,0.0,0.0,30.0,0.0,30.0
TechCrunch,0.0,0.0,0.0,0.0,7.0,7.0
TechTarget,0.0,0.0,60.0,0.0,0.0,60.0
Tekion,0.0,0.0,0.0,300.0,0.0,300.0
Teladoc Health,0.0,0.0,0.0,300.0,0.0,300.0
Teleport,0.0,0.0,15.0,0.0,0.0,15.0
Tenable,0.0,0.0,0.0,0.0,0.0,0.0
Teradata,0.0,0.0,0.0,0.0,0.0,0.0
Tesla,0.0,0.0,0.0,0.0,20520.0,20520.0
Textio,30.0,0.0,0.0,15.0,14.0,59.0
The Athletic,46.0,0.0,0.0,0.0,0.0,46.0
The Good Glamour,0.0,0.0,0.0,0.0,150.0,150.0
The Grommet,0.0,0.0,40.0,0.0,0.0,40.0
The Guild,38.0,0.0,0.0,0.0,0.0,38.0
The Messenger,0.0,0.0,0.0,0.0,24.0,24.0
The Mom Project,0.0,0.0,54.0,0.0,0.0,54.0
The Predictive Investment,59.0,0.0,0.0,0.0,0.0,59.0
The RealReal,235.0,0.0,0.0,230.0,0.0,465.0
The Sill,20.0,0.0,0.0,0.0,0.0,20.0
TheSkimm,26.0,0.0,0.0,39.0,0.0,65.0
Thepeer,0.0,0.0,0.0,0.0,0.0,0.0
Thimble,0.0,0.0,20.0,0.0,0.0,20.0
Thinkific,0.0,0.0,100.0,76.0,0.0,176.0
Thinx,0.0,0.0,0.0,0.0,95.0,95.0
ThirdLove,65.0,0.0,0.0,0.0,0.0,65.0
Thoughtworks,0.0,0.0,0.0,1079.0,0.0,1079.0
Thread,0.0,0.0,30.0,0.0,0.0,30.0
Thriver,75.0,0.0,0.0,0.0,0.0,75.0
Thumbtack,250.0,0.0,160.0,0.0,0.0,410.0
Thursday,0.0,0.0,0.0,0.0,0.0,0.0
Tickertape,0.0,0.0,0.0,29.0,0.0,29.0
Tier Mobility,0.0,0.0,180.0,80.0,0.0,260.0
TikTok,0.0,0.0,0.0,0.0,1310.0,1310.0
Tilia,0.0,0.0,0.0,28.0,0.0,28.0
Tilting Point,0.0,0.0,0.0,60.0,0.0,60.0
Tipalti,0.0,0.0,0.0,123.0,0.0,123.0
Titan Medical,0.0,0.0,0.0,48.0,0.0,48.0
Toast,1300.0,0.0,0.0,0.0,550.0,1850.0
TomTom,0.0,0.0,0.0,0.0,45.0,45.0
Tome,0.0,0.0,0.0,0.0,24.0,24.0
Tome Biosciences,0.0,0.0,0.0,0.0,131.0,131.0
Tomo,0.0,0.0,44.0,0.0,0.0,44.0
Tomorrow,0.0,0.0,30.0,0.0,0.0,30.0
Tonal,0.0,0.0,262.0,0.0,0.0,262.0
Tonik,0.0,0.0,0.0,0.0,0.0,0.0
Tonkean,0.0,0.0,23.0,0.0,0.0,23.0
Top Hat,16.0,0.0,0.0,42.0,35.0,93.0
Tor,13.0,0.0,0.0,0.0,0.0,13.0
Torii,0.0,0.0,0.0,28.0,0.0,28.0
Toshiba,0.0,0.0,0.0,0.0,9000.0,9000.0
Totango,0.0,0.0,0.0,0.0,0.0,0.0
TouchBistro,131.0,0.0,0.0,0.0,0.0,131.0
Trade Republic,0.0,0.0,0.0,0.0,0.0,0.0
TradeWindow,0.0,0.0,0.0,25.0,0.0,25.0
TranSan Francisco Bay Areaix,24.0,0.0,0.0,0.0,0.0,24.0
Transmit Security,0.0,0.0,27.0,0.0,0.0,27.0
TravelTriangle,250.0,0.0,0.0,0.0,0.0,250.0
Trax,120.0,0.0,180.0,0.0,0.0,300.0
Treasure Financial,0.0,0.0,0.0,0.0,14.0,14.0
Treasury Prime,0.0,0.0,0.0,0.0,40.0,40.0
Treehouse,0.0,41.0,0.0,0.0,0.0,41.0
Trell,0.0,0.0,300.0,0.0,0.0,300.0
Trend Micro,0.0,0.0,0.0,0.0,0.0,0.0
Trendsales,0.0,0.0,0.0,0.0,79.0,79.0
Trigo,0.0,0.0,0.0,0.0,30.0,30.0
TripActions,300.0,0.0,0.0,0.0,0.0,300.0
TripAdvisor,900.0,0.0,0.0,125.0,0.0,1025.0
TripleLift,23.0,0.0,0.0,100.0,0.0,123.0
Triplebyte,15.0,0.0,0.0,0.0,0.0,15.0
Tropic,0.0,0.0,0.0,0.0,40.0,40.0
Trove Recommerce,0.0,0.0,0.0,0.0,130.0,130.0
True Anomaly,0.0,0.0,0.0,0.0,30.0,30.0
TrueCar,219.0,0.0,0.0,102.0,0.0,321.0
TrueLayer,0.0,0.0,40.0,0.0,0.0,40.0
Truepill,0.0,0.0,325.0,0.0,0.0,325.0
Truiloo,0.0,0.0,24.0,0.0,0.0,24.0
Trybe,0.0,0.0,47.0,128.0,0.0,175.0
TuSimple,0.0,0.0,350.0,0.0,0.0,350.0
Tufin,0.0,0.0,55.0,0.0,0.0,55.0
Turnitin,0.0,0.0,0.0,0.0,15.0,15.0
Turo,108.0,0.0,0.0,0.0,0.0,108.0
TutorMundi,4.0,0.0,0.0,0.0,0.0,4.0
Twig,0.0,0.0,0.0,0.0,0.0,0.0
Twiga,0.0,0.0,211.0,283.0,0.0,494.0
Twilio,0.0,0.0,800.0,1500.0,0.0,2300.0
Twine Solutions,0.0,0.0,0.0,30.0,0.0,30.0
Twist Bioscience,0.0,0.0,0.0,270.0,0.0,270.0
Twitch,0.0,0.0,0.0,0.0,500.0,500.0
Twitter,0.0,0.0,3700.0,200.0,0.0,3900.0
TytoCare,0.0,0.0,0.0,20.0,0.0,20.0
UIPath,0.0,0.0,0.0,0.0,420.0,420.0
UKG,0.0,0.0,0.0,0.0,2200.0,2200.0
UPshow,19.0,0.0,0.0,0.0,0.0,19.0
Ualá,0.0,0.0,53.0,0.0,140.0,193.0
Uber,7525.0,0.0,0.0,200.0,0.0,7725.0
Uber Freight,0.0,0.0,0.0,150.0,40.0,190.0
Uberflip,0.0,0.0,31.0,0.0,0.0,31.0
Udaan,0.0,0.0,180.0,100.0,0.0,280.0
Udacity,0.0,0.0,55.0,0.0,0.0,55.0
Udayy,0.0,0.0,100.0,0.0,0.0,100.0
Udemy,0.0,0.0,0.0,0.0,280.0,280.0
UiPath,0.0,0.0,451.0,0.0,0.0,451.0
Ula,0.0,0.0,134.0,0.0,0.0,134.0
Unacademy,0.0,0.0,1500.0,0.0,250.0,1750.0
Unbabel,80.0,0.0,0.0,0.0,0.0,80.0
Unbounce,0.0,0.0,47.0,0.0,0.0,47.0
Uncapped,0.0,0.0,29.0,0.0,0.0,29.0
Unico,0.0,0.0,50.0,110.0,0.0,160.0
Uniphore,0.0,0.0,0.0,76.0,0.0,76.0
Unison,89.0,0.0,0.0,0.0,0.0,89.0
Unit,0.0,0.0,0.0,0.0,0.0,0.0
Unity,0.0,0.0,200.0,1149.0,1800.0,3149.0
Unstoppable Do.,0.0,0.0,42.0,0.0,0.0,42.0
UpScalio,0.0,0.0,0.0,25.0,0.0,25.0
Upside Foods,0.0,0.0,0.0,0.0,26.0,26.0
Upstart,0.0,0.0,140.0,365.0,0.0,505.0
Upwork,0.0,0.0,0.0,137.0,0.0,137.0
Urban Sports Club,0.0,0.0,55.0,0.0,0.0,55.0
Usermind,15.0,0.0,0.0,0.0,0.0,15.0
VRChat,0.0,0.0,0.0,0.0,0.0,0.0
VSCO,45.0,0.0,0.0,0.0,0.0,45.0
VTEX,0.0,0.0,200.0,0.0,0.0,200.0
Vacasa,0.0,0.0,0.0,1300.0,1120.0,2420.0
Varonis,0.0,0.0,110.0,0.0,0.0,110.0
Vedantu,0.0,0.0,624.0,0.0,0.0,624.0
Vee,0.0,0.0,33.0,0.0,0.0,33.0
Veeam,0.0,0.0,0.0,0.0,300.0,300.0
Veev,0.0,0.0,100.0,0.0,0.0,100.0
Veho,0.0,0.0,0.0,0.0,65.0,65.0
Velo3D,0.0,0.0,0.0,0.0,42.0,42.0
Vendease,0.0,0.0,27.0,0.0,0.0,27.0
Vendr,0.0,0.0,0.0,100.0,0.0,100.0
VerSe Innovation,0.0,0.0,150.0,0.0,0.0,150.0
Verbit,0.0,0.0,80.0,60.0,0.0,140.0
Veriff,63.0,0.0,0.0,167.0,0.0,230.0
Verily,0.0,0.0,0.0,0.0,0.0,0.0
Vesalius Therapeutics,0.0,0.0,29.0,0.0,0.0,29.0
Vesttoo,0.0,0.0,0.0,150.0,0.0,150.0
Vezeeta,0.0,0.0,50.0,0.0,0.0,50.0
Viasat,0.0,0.0,0.0,1100.0,0.0,1100.0
Vice Media,0.0,0.0,0.0,0.0,0.0,0.0
VideoAmp,21.0,0.0,0.0,40.0,0.0,61.0
View,0.0,0.0,0.0,170.0,0.0,170.0
Vipps,0.0,0.0,0.0,0.0,0.0,0.0
Virgin Hyperloop,0.0,0.0,111.0,0.0,0.0,111.0
Vivian Health,0.0,0.0,0.0,0.0,13.0,13.0
Voi,0.0,0.0,165.0,0.0,120.0,285.0
Vouch,0.0,0.0,15.0,0.0,0.0,15.0
Vox Media,0.0,0.0,39.0,130.0,0.0,169.0
Voyage SMS,0.0,0.0,8.0,0.0,0.0,8.0
Vroom,0.0,0.0,270.0,395.0,800.0,1465.0
WHOOP,0.0,0.0,95.0,0.0,0.0,95.0
WalkMe,0.0,0.0,0.0,155.0,0.0,155.0
Walnut,0.0,0.0,0.0,0.0,15.0,15.0
WanderJaunt,56.0,0.0,85.0,0.0,0.0,141.0
Wattpad,0.0,0.0,0.0,42.0,20.0,62.0
Wave,0.0,0.0,300.0,0.0,0.0,300.0
Wave Sports and Entertainment,0.0,0.0,56.0,0.0,0.0,56.0
WayCool,0.0,0.0,0.0,300.0,270.0,570.0
Wayfair,0.0,0.0,870.0,1750.0,1650.0,4270.0
Wayflyer,0.0,0.0,200.0,0.0,0.0,200.0
Waymo,0.0,0.0,0.0,209.0,0.0,209.0
Waze,30.0,0.0,0.0,0.0,0.0,30.0
WeTranSan Francisco Bay Areaer,0.0,0.0,0.0,35.0,0.0,35.0
WeTransfer,0.0,0.0,0.0,0.0,260.0,260.0
WeWork,100.0,0.0,0.0,0.0,0.0,100.0
Wealthsimple,0.0,0.0,159.0,0.0,0.0,159.0
Webflow,0.0,0.0,0.0,0.0,0.0,0.0
Weee!,0.0,0.0,150.0,0.0,0.0,150.0
Wefox,0.0,0.0,0.0,0.0,60.0,60.0
Wejo,0.0,0.0,0.0,40.0,0.0,40.0
Welkin Health,10.0,0.0,0.0,0.0,0.0,10.0
Western Digital,0.0,0.0,0.0,60.0,0.0,60.0
Wex,0.0,0.0,0.0,0.0,750.0,750.0
Wheel,0.0,0.0,35.0,56.0,0.0,91.0
When I Work,55.0,0.0,0.0,0.0,0.0,55.0
Wildlife Studios,0.0,0.0,300.0,0.0,0.0,300.0
Wint Wealth,0.0,0.0,0.0,0.0,19.0,19.0
Wisense,0.0,0.0,0.0,0.0,0.0,0.0
Wish,0.0,0.0,190.0,405.0,0.0,595.0
Wix,0.0,0.0,0.0,370.0,0.0,370.0
Wonder,0.0,0.0,130.0,0.0,0.0,130.0
Wonderschool,50.0,0.0,0.0,0.0,0.0,50.0
Wonolo,46.0,0.0,0.0,0.0,0.0,46.0
Wordstream,26.0,0.0,0.0,0.0,0.0,26.0
WorkRamp,0.0,0.0,35.0,0.0,0.0,35.0
Workable,25.0,0.0,0.0,0.0,0.0,25.0
Workato,0.0,0.0,0.0,90.0,0.0,90.0
Workday,0.0,0.0,0.0,525.0,0.0,525.0
Workfellow,0.0,0.0,0.0,0.0,0.0,0.0
Workhuman,0.0,0.0,0.0,130.0,0.0,130.0
Workmotion,0.0,0.0,60.0,0.0,0.0,60.0
Worksmith,30.0,0.0,0.0,0.0,0.0,30.0
Woven,0.0,0.0,5.0,0.0,0.0,5.0
Xendit,0.0,0.0,0.0,0.0,200.0,200.0
Xentral,0.0,0.0,20.0,0.0,0.0,20.0
Xero,0.0,0.0,0.0,800.0,0.0,800.0
Xerox,0.0,0.0,0.0,0.0,3000.0,3000.0
Xiaohongshu,0.0,0.0,180.0,0.0,0.0,180.0
Yahoo,0.0,0.0,0.0,1600.0,0.0,1600.0
Yelp,1000.0,0.0,0.0,0.0,0.0,1000.0
Yext,0.0,0.0,0.0,0.0,0.0,0.0
Ynsect,0.0,0.0,0.0,17.0,0.0,17.0
Yojak,0.0,0.0,140.0,0.0,0.0,140.0
Yotpo,0.0,0.0,70.0,0.0,0.0,70.0
YouTube,0.0,0.0,0.0,0.0,100.0,100.0
Yuga Labs,0.0,0.0,0.0,0.0,0.0,0.0
Yummly,0.0,0.0,0.0,0.0,0.0,0.0
Zak,0.0,0.0,100.0,0.0,0.0,100.0
Zebra Technologies,0.0,0.0,0.0,700.0,0.0,700.0
Zego,0.0,0.0,85.0,0.0,0.0,85.0
Zeitgold,75.0,0.0,0.0,0.0,0.0,75.0
Zencity,0.0,0.0,30.0,0.0,0.0,30.0
Zendesk,0.0,0.0,350.0,320.0,0.0,670.0
Zenefits,87.0,0.0,0.0,0.0,0.0,87.0
Zenoti,17.0,0.0,0.0,0.0,0.0,17.0
Zeplin,0.0,0.0,0.0,37.0,0.0,37.0
Zepz,0.0,0.0,0.0,450.0,0.0,450.0
ZestMoney,0.0,0.0,0.0,250.0,0.0,250.0
Zeus Living,153.0,0.0,64.0,0.0,0.0,217.0
Zilingo,144.0,0.0,0.0,0.0,0.0,144.0
Zillow,0.0,2000.0,300.0,0.0,0.0,2300.0
Zip,0.0,0.0,0.0,300.0,0.0,300.0
ZipRecruiter,400.0,0.0,0.0,270.0,0.0,670.0
Zipcar,100.0,0.0,0.0,0.0,0.0,100.0
Zoe,0.0,0.0,0.0,0.0,0.0,0.0
Zomato,520.0,0.0,100.0,0.0,0.0,620.0
Zoom,0.0,0.0,0.0,1300.0,150.0,1450.0
ZoomInfo,0.0,0.0,0.0,120.0,0.0,120.0
Zoomo,0.0,0.0,65.0,27.0,0.0,92.0
Zoox,100.0,0.0,0.0,0.0,0.0,100.0
Zscaler,0.0,0.0,0.0,177.0,0.0,177.0
Zulily,0.0,0.0,0.0,839.0,0.0,839.0
Zume,200.0,0.0,0.0,0.0,0.0,200.0
Zumper,0.0,0.0,45.0,0.0,0.0,45.0
Zuora,0.0,0.0,0.0,0.0,0.0,0.0
Zwift,0.0,0.0,0.0,80.0,0.0,80.0
eBay,0.0,0.0,0.0,500.0,1020.0,1520.0
eGym,100.0,0.0,0.0,0.0,0.0,100.0
eToro,0.0,0.0,100.0,0.0,0.0,100.0
ezCater,400.0,0.0,0.0,0.0,0.0,400.0
iCAD,0.0,0.0,0.0,23.0,0.0,23.0
iCIMS,0.0,0.0,0.0,0.0,69.0,69.0
iFit,0.0,0.0,300.0,0.0,0.0,300.0
iFood,0.0,0.0,0.0,355.0,0.0,355.0
iPrice Group,0.0,0.0,50.0,0.0,0.0,50.0
iRobot,0.0,0.0,140.0,85.0,350.0,575.0
nCino,0.0,0.0,0.0,100.0,0.0,100.0
uShip,65.0,0.0,0.0,0.0,0.0,65.0
