location_HQ;Region;State;Country
Adelaide;;;Australia
Agoura Hills;San Francisco Bay Area;California;USA
Ahmedabad;;;India
Alameda;San Francisco Bay Area;California;USA
Amsterdam;;;Netherlands
Ann Arbor;;;USA
Atlanta;;;USA
Auckland;;;New Zealand
Austin;;;USA
Baltimore;;;USA
Bangkok;;;Thailand
Barcelona;;;Spain
Bejing;;;China
Belleville;;;USA
Belo Horizonte;;;Brazil
Bend;;;USA
Bengaluru;;;India
Berkeley;San Francisco Bay Area;California;USA
Berlin;;;Germany
Blumenau;;;Brazil
Boise;;;USA
Boston;;;USA
Boulder;;;USA
Brisbane;;;Australia
Bristol;;;UK
Brno;;;Czech Republic
Buenos Aires;;;Argentina
Burlingame;San Francisco Bay Area;California;USA
Burlington;;;USA
Calgary;;;Canada
California;;;USA
Camarillo;;;USA
Campbell;San Francisco Bay Area;California;USA
Cayman Islands;;;Cayman Islands
Charleston;;;USA
Chennai;;;India
Chester;;;UK
Chicago;;;USA
Cincinnati;;;USA
Columbus;;;USA
Copenhagen;;;Denmark
Coral Gables;;;USA
Corvallis;;;USA
Cupertino;San Francisco Bay Area;California;USA
Curitiba;;;Brazil
Dakar;;;Senegal
Dallas;;;USA
Denver;;;USA
Detroit;;;USA
Dover;;;USA
Dubai;;;United Arabian Emirates
Dublin;;;Ireland
Durham;;;USA
Edinburgh;;;UK
Espoo;;;Finland
Ferdericton;;;Canada
Florianopolis;;;Brazil
Forster City;San Francisco Bay Area;California;USA
Fort Collins;;;USA
Frankfurt am Main;;;Germany
Fremont;;;USA
Fresno;;;USA
Ghent;;;Belgium
Gilroy;San Francisco Bay Area;California;USA
Gothenburg;;;Sweden
Greenwood Village;;;USA
Guadalajara;;;Mexico
Gurugram;;;India
Haifa;;;Israel
Hamburg;;;Germany
Hartford;;;USA
Hayward;San Francisco Bay Area;California;USA
Helsinki;;;Finland
Hong Kong;;;Hong Kong
Hoofddorp;;;Netherlands
Huntington Beach;San Francisco Bay Area;California;USA
Indianapolis;;;USA
Indonesia;;;Indonesia
Jakarta;;;Indonesia
Jerusalem;;;Israel
Joinville;;;Brazil
Kansas City;;;USA
Karachi;;;Pakistan
Karlsruhe;;;Germany
Kfar Saba;;;Israel
Kiel;;;Germany
Kitchener;;;Canada
Krakow;;;Poland
Kuala Lumpur;;;Malaysia
Lagos;;;Nigeria
Las Vegas;;;USA
Leamington Spa;;;UK
Lehi;;;USA
Lisbon;;;Portugal
Lodz;;;Poland
Logan;;;USA
London;;;UK
Los Angeles;;;USA
Los Gatos;San Francisco Bay Area;California;USA
Madison;;;USA
Madrid;;;Spain
Malmö;;;Sweden
Manchester;;;UK
Melbourne;;;Australia
Memphis;;;USA
Menlo Park;San Francisco Bay Area;California;USA
Mexico City;;;Mexico
Miami;;;USA
Milpitas;San Francisco Bay Area;California;USA
Milwaukee;;;USA
Minneapolis;;;USA
Missoula;;;USA
Montevideo;;;Uruquay
Montreal;;;Canada
Moscow;;;Russia
Mountain View;San Francisco Bay Area;California;USA
Mumbai;;;India
Munich;;;Germany
Nairobi;;;Kenya
Nashik;;;India
Nashua;;;USA
Nashville;;;USA
Nebraska City;;;USA
Ness Ziona;;;Israel
New Delhi;;;India
New York;;;USA
New York City;;;USA
Newark;San Francisco Bay Area;California;USA
Noida;;;India
North Bethesda;San Francisco Bay Area;California;USA
Norwalk;;;USA
Oakland;San Francisco Bay Area;California;USA
Orlando;;;USA
Oslo;;;Norway
Ottawa;;;Canada
Oxford;;;UK
Palo Alto;San Francisco Bay Area;California;USA
Paris;;;France
Philadelphia;;;USA
Phoenix;;;USA
Pittsburgh;;;USA
Pleasanton;San Francisco Bay Area;California;USA
Portland;;;USA
Prague;;;Czech Republic
Pune;;;India
Ra'anana;;;Israel
Raleigh;;;USA
Redwood City;San Francisco Bay Area;California;USA
Reno;;;USA
Richmond;San Francisco Bay Area;California;USA
Sacramento;;;USA
Salisbury;;;UK
Salt Lake City;;;USA
San Bruno;San Francisco Bay Area;California;USA
San Carlos;San Francisco Bay Area;California;USA
San Diego;;;USA
San Francisco;San Francisco Bay Area;California;USA
San Jose;San Francisco Bay Area;California;USA
San Leandro;San Francisco Bay Area;California;USA
San Luis Obispo;;;USA
San Mateo;San Francisco Bay Area;California;USA
San Rafael;San Francisco Bay Area;California;USA
Santa Barbara;;;USA
Santa Clara;San Francisco Bay Area;California;USA
Santa Fe;;;USA
Santiago;;;Chile
Sao Paulo;;;Brazil
Saskatoon;;;Canada
Seattle;;;USA
Seoul;;;South Korea
Shanghai;;;China
Sheffield;;;USA
Singapore;;;Singapore
Spokane;;;USA
Stamford;;;USA
Stockholm;;;Sweden
Sunnyvale;San Francisco Bay Area;California;USA
Sydney;;;Australia
Tallinn;;;Estonia
Tampa;;;USA
Tampa Bay;;;USA
Tel Aviv;;;Israel
Tokyo;;;Japan
Toronto;;;Canada
Vancouver;;;Canada
Vienna;;;Austria
Vilnius;;;Lithuania
Walldorf;;;Germany
Walnut;San Francisco Bay Area;California;USA
Waltham;;;USA
Warsaw;;;Poland
Washington DC;;;USA
Waterloo;;;Canada
Wellington;;;New Zealand
Wilmington;;;USA
Xi'an;;;China
Yavne;;;Israel
Zurich;;;Switzerland